q_true,b_true,n,bins,method,repetitions,valid,failures,failure_rate,at_bound,mean_occupied_bins,mean_q_hat,median_q_hat,bias_q,mcse_bias_q,sd_q,rmse_q,mcse_rmse_q,mean_b_hat,bias_b,mcse_bias_b,sd_b,rmse_b,mcse_rmse_b,mean_seconds
1.5,2.0,1000,20,pdf,10,10,0,0.0,0,20.0,1.5158333462587361,1.5088677505348684,0.015833346258736135,0.018485929607437418,0.05845764222504457,0.05767374788245703,0.01231414310018949,2.075655927442307,0.0756559274423074,0.08354360700981195,0.2641880820970148,0.26180074065411807,0.054723269885619076,0.06368138069999532
1.5,2.0,1000,20,qlog,10,10,0,0.0,0,20.0,1.586,1.6,0.08600000000000008,0.016343534229508364,0.051682793182171526,0.09899494936611673,0.013364758884669481,1.7777776073875367,-0.222222392612463,0.07264907019457034,0.22973653170829428,0.3112615915586569,0.046016619810625346,0.032562664699980814
1.5,2.0,1000,30,pdf,10,10,0,0.0,0,29.6,1.5110164073747034,1.498089994177826,0.011016407374703507,0.01570937488176987,0.049677405243831144,0.04839856778902927,0.011665771433439913,2.051549552311862,0.05154955231186211,0.07872279432817664,0.248943333850023,0.24172890076505335,0.07327067342020682,0.08575670500001706
1.5,2.0,1000,30,qlog,10,10,0,0.0,0,29.6,1.5379999999999998,1.54,0.038000000000000034,0.012092238098144715,0.0382390143992,0.05253570214625484,0.011636607238337291,1.7834203875123156,-0.21657961248768434,0.061105630389684876,0.19323296989180652,0.2837460328061038,0.029911048787818337,0.03264140880000923
1.5,2.0,1000,40,pdf,10,10,0,0.0,0,39.5,1.515717656029026,1.5080998642199157,0.015717656029025907,0.015794736227690984,0.04994734152107939,0.04992302017674593,0.011864821070280373,2.071412734385199,0.0714127343851989,0.07651426088384626,0.24195933787728233,0.24039481629141377,0.0599852313306064,0.07040493699998933
1.5,2.0,1000,40,qlog,10,10,0,0.0,0,39.5,1.53,1.53,0.030000000000000027,0.013743685418725546,0.043461349368017696,0.05099019513592789,0.010046898573200146,1.8251032293287104,-0.17489677067128967,0.058784569001072304,0.18589312931471758,0.2483737312298186,0.042209101497111615,0.03489399059999414
1.5,2.0,1000,50,pdf,10,10,0,0.0,0,49.1,1.514352615316719,1.5083578710886165,0.014352615316718897,0.015436780002728974,0.04881538454756381,0.048483452415268365,0.011464056101327908,2.0635223604519712,0.06352236045197102,0.07730200259012947,0.24445039587704465,0.24044851157241462,0.05779543314489297,0.10395578220000061
1.5,2.0,1000,50,qlog,10,10,0,0.0,0,49.1,1.5240000000000002,1.52,0.02400000000000002,0.01359738536958077,0.04299870799092564,0.047328638264796975,0.011076931556094986,1.8011641274494348,-0.19883587255056498,0.05851678728643046,0.1850463291807041,0.265242594169701,0.03788243304695123,0.0332924875000117
1.5,2.0,1000,70,pdf,10,10,0,0.0,0,67.9,1.51721673475544,1.505859653472539,0.017216734755439812,0.01429774690087617,0.045213445615382396,0.04621954190180596,0.012755600467445324,2.0757417454073672,0.07574174540736707,0.07344898875500586,0.23226609630191353,0.23300128227018665,0.062094665171847224,0.10144951620000028
1.5,2.0,1000,70,qlog,10,10,0,0.0,0,67.9,1.528,1.52,0.028000000000000025,0.012364824660660948,0.03910100879630718,0.046475800154489044,0.011352924243950945,1.7354065763399007,-0.26459342366009936,0.056899795411411505,0.17993295189765787,0.3148776910244947,0.045395737248084954,0.03367975030002981
1.5,2.0,1000,100,pdf,10,10,0,0.0,0,95.7,1.5192398351219052,1.5105552557909672,0.0192398351219051,0.015140678890747605,0.04787903061599411,0.049328821909434085,0.013229187332876346,2.0815519000119003,0.0815519000119006,0.07809056511206576,0.2469440495238098,0.2480603548156115,0.06435266022252732,0.11849787119997472
1.5,2.0,1000,100,qlog,10,10,0,0.0,0,95.7,1.5279999999999998,1.53,0.028000000000000025,0.014360439485692024,0.04541169697580378,0.05138093031466056,0.008189670754719458,1.6232598197592125,-0.37674018024078737,0.058110927562160214,0.1837628880414822,0.41512056384509866,0.053898300770213944,0.034241039800031105
1.5,2.0,1000,150,pdf,10,10,0,0.0,0,138.2,1.5192955104710386,1.5131947982622846,0.019295510471038523,0.014859303411849573,0.046989243224955686,0.04857475481468328,0.012538930986963131,2.0835049651044137,0.08350496510441359,0.076495293054251,0.24189935633349133,0.24420656815939862,0.06845743210093275,0.11204151349998029
1.5,2.0,1000,150,qlog,10,10,0,0.0,0,138.2,1.5340000000000003,1.54,0.03400000000000003,0.01367885635245547,0.04325634186002226,0.05329165037789696,0.009485183239951763,1.457381280173729,-0.5426187198262712,0.05253084830489807,0.16611712806427315,0.5650402510605693,0.05131369268710821,0.040231619900032455
1.5,2.0,1000,200,pdf,10,10,0,0.0,0,179.6,1.5193031955818976,1.5099962126783941,0.01930319558189768,0.015241255133585744,0.04819708062186483,0.04963140217741665,0.012995906262431857,2.0821199417804026,0.08211994178040219,0.07824022087512954,0.24741730260006184,0.24867141834420406,0.0675672623158764,0.1156008054999802
1.5,2.0,1000,200,qlog,10,10,0,0.0,0,179.6,1.5320000000000003,1.53,0.03200000000000003,0.014966629547095779,0.047328638264796975,0.055136195008360936,0.012718269770881281,1.3024482254227965,-0.6975517745772037,0.052897054592974994,0.167275174028072,0.7153749811653435,0.05153011550314928,0.03963138099995831
1.5,2.0,5000,20,pdf,10,10,0,0.0,0,20.0,1.5068368545805002,1.503624188969068,0.006836854580500118,0.0046714384469461485,0.014772385441629475,0.015593063041858236,0.004368540969845152,2.025903752742097,0.025903752742097396,0.02439913294703845,0.07715683304589797,0.07764575714891983,0.019411899440875378,0.048481743899947104
1.5,2.0,5000,20,qlog,10,10,0,0.0,0,20.0,1.6599999999999997,1.6500000000000001,0.1600000000000001,0.02951459149490486,0.0933333333333333,0.18286607121059945,0.035863762533392476,1.734221778571556,-0.2657782214284442,0.0199474386697439,0.06307933968290999,0.27243194704552526,0.019767255755765413,0.036345211500020014
1.5,2.0,5000,30,pdf,10,10,0,0.0,0,29.8,1.5094809890853569,1.5087120998469432,0.009480989085356838,0.004655476544485541,0.01472190947406451,0.01688047128320033,0.004818426778328376,2.0320153190770363,0.03201531907703588,0.02305162222974423,0.07289563000776099,0.07620614307527945,0.02067944382943015,0.06163823500005492
1.5,2.0,5000,30,qlog,10,10,0,0.0,0,29.8,1.558,1.55,0.05800000000000005,0.012806248474865708,0.04049691346263321,0.0695701085237044,0.017090747903817614,1.7881962996469245,-0.21180370035307536,0.02988163784015073,0.09449403579115076,0.22999351730721607,0.027713053420555276,0.03289007799999126
1.5,2.0,5000,40,pdf,10,10,0,0.0,0,39.6,1.5105062739296526,1.5104364061502271,0.010506273929652666,0.005043824727921189,0.01594997425891003,0.018421273106351867,0.0038670698360954475,2.0380865315683914,0.03808653156839161,0.022705540650610895,0.07180122396147184,0.07804138692411217,0.01913980133163587,0.05653742089996285
1.5,2.0,5000,40,qlog,10,10,0,0.0,0,39.6,1.5340000000000003,1.53,0.03400000000000003,0.008459051693633021,0.026749870196985197,0.04242640687119289,0.007864594830749513,1.8624578360698467,-0.1375421639301532,0.02647231973878138,0.08371282532278279,0.15882348777734231,0.026335547378942253,0.03133120000002236
1.5,2.0,5000,50,pdf,10,10,0,0.0,0,49.2,1.5107140860238615,1.5104545240232579,0.010714086023861457,0.00504088654789753,0.01594068291785966,0.01853338808814168,0.004110308859199468,2.038791502860276,0.038791502860276196,0.025556995421502107,0.08081831568244167,0.08592567037231036,0.01963911167767258,0.06287992999996277
1.5,2.0,5000,50,qlog,10,10,0,0.0,0,49.2,1.5240000000000002,1.53,0.02400000000000002,0.00718021974284601,0.022705848487901886,0.032249030993194226,0.005788287614163066,1.8918909572045597,-0.1081090427954405,0.027471791726856702,0.08687343326263745,0.13594064587275034,0.025235458042171265,0.044783975700033805
1.5,2.0,5000,70,pdf,10,10,0,0.0,0,68.6,1.511742983682605,1.5100962081668536,0.01174298368260518,0.004975469053197419,0.01573381463578532,0.0189919797931616,0.0045731327935110795,2.0405642100079997,0.04056421000799981,0.023775472005701716,0.07518464398358923,0.08205432807243179,0.022643809126232126,0.05689775249998093
1.5,2.0,5000,70,qlog,10,10,0,0.0,0,68.6,1.5219999999999998,1.52,0.02200000000000002,0.008137703743822475,0.0257336787541584,0.032863353450309996,0.009473810554352102,1.9198413387649023,-0.08015866123509785,0.017937501406837676,0.056723359978081665,0.09654634421605984,0.017083945925618137,0.041454452199991464
1.5,2.0,5000,100,pdf,10,10,0,0.0,0,97.1,1.5120606741905671,1.5098199000889654,0.012060674190567245,0.004795061235739091,0.015163315024917112,0.01877214351696162,0.004365195855266506,2.0422958955349606,0.042295895534960715,0.024290981678679355,0.07681482870604713,0.08425799010972036,0.02036966919069042,0.05438495369999145
1.5,2.0,5000,100,qlog,10,10,0,0.0,0,97.1,1.5219999999999998,1.52,0.02200000000000002,0.008137703743822475,0.0257336787541584,0.032863353450309996,0.009473810554352102,1.9210512606105674,-0.07894873938943292,0.01672287852981412,0.052882385188540625,0.09354034128699157,0.015219400725140352,0.04209355710002001
1.5,2.0,5000,150,pdf,10,10,0,0.0,0,143.3,1.5121601897593362,1.5103162727467796,0.012160189759336037,0.004593494728081829,0.014525905760714395,0.018378573375953344,0.004151059642794104,2.042689955667186,0.04268995566718563,0.023339318617184093,0.07380540586667321,0.08200577087312941,0.02036170391360891,0.058072374199991825
1.5,2.0,5000,150,qlog,10,10,0,0.0,0,143.3,1.53,1.52,0.030000000000000027,0.010000000000000007,0.03162277660168382,0.04242640687119289,0.011530956723661886,1.8994144441814225,-0.10058555581857746,0.021516788919100308,0.06804206091742944,0.11951654231876951,0.02041353381936439,0.04429737059997478
1.5,2.0,5000,200,pdf,10,10,0,0.0,0,190.4,1.5121423420589708,1.5114946665366156,0.012142342058970735,0.004829177931038655,0.015271201488301694,0.018903044889216306,0.004398429080445707,2.0427752353945787,0.04277523539457915,0.023657103263149376,0.07481032915335374,0.08286523744183366,0.021027153571208917,0.07880489719996149
1.5,2.0,5000,200,qlog,10,10,0,0.0,0,190.4,1.5340000000000003,1.52,0.03400000000000003,0.011944315244779288,0.03777124126457415,0.04939635614091392,0.014186501704123297,1.8652175096776276,-0.1347824903223726,0.02217026017162639,0.07010851846085492,0.15029971264842423,0.021091572722642154,0.0491096811000034
1.5,5.0,1000,20,pdf,10,10,0,0.0,0,20.0,1.5159913887625336,1.5042653382574995,0.015991388762533677,0.018830081866888154,0.05954594722680211,0.05871007036767951,0.01600691870329803,4.99281712869615,-0.007182871303850469,0.2036762806356436,0.6440809521602813,0.6110710591103892,0.17353945117232142,0.1035656781000398
1.5,5.0,1000,20,qlog,10,10,0,0.0,0,20.0,1.5739999999999998,1.57,0.07400000000000007,0.0173973178009332,0.05501514942874074,0.09055385138137424,0.015739236869549072,4.242920925413641,-0.757079074586359,0.16368565384363523,0.5176194864397822,0.9023888655366394,0.10122309696207325,0.03510811120002018
1.5,5.0,1000,30,pdf,10,10,0,0.0,0,29.6,1.514546561532508,1.5076510840089736,0.014546561532508218,0.022228344112614234,0.07029219600985531,0.06825317567936437,0.020382954832556324,5.009815929539586,0.009815929539586677,0.24062578560259454,0.7609255462715508,0.7219440911486973,0.269108655202235,0.045397189999971485
1.5,5.0,1000,30,qlog,10,10,0,0.0,0,29.6,1.5319999999999998,1.53,0.03200000000000003,0.019367785395111952,0.061246315081897935,0.06633249580710805,0.01836773631599,4.368795319225937,-0.6312046807740627,0.16834084876994293,0.5323405053589741,0.8083731324780342,0.061225511249201815,0.032181391899939626
1.5,5.0,1000,40,pdf,10,10,0,0.0,0,39.6,1.5150368261945037,1.5077733781064533,0.015036826194503883,0.021733731591080035,0.06872809388256816,0.06691264411052451,0.01883384900383805,5.002147565412369,0.0021475654123685574,0.2317121985870828,0.7327383091804311,0.695139913113711,0.23830958031360608,0.05066428899999664
1.5,5.0,1000,40,qlog,10,10,0,0.0,0,39.6,1.5220000000000002,1.51,0.02200000000000002,0.02096558025802187,0.06629898608240976,0.06663332499583079,0.01825988563555161,4.323329083381188,-0.6766709166188114,0.18278590872921158,0.5780197957679621,0.8709648243571123,0.08551931144569147,0.030684290599970153
1.5,5.0,1000,50,pdf,10,10,0,0.0,0,49.1,1.5169661604665132,1.5296002719138184,0.016966160466513315,0.022503533577256568,0.07116242150620747,0.06960985427466361,0.016523675338607956,5.030499467895541,0.030499467895540457,0.22830132556319355,0.7219521816153152,0.6855827264649489,0.21924243159328954,0.0477399906999608
1.5,5.0,1000,50,qlog,10,10,0,0.0,0,49.1,1.528,1.54,0.028000000000000025,0.021333333333333357,0.0674619234169255,0.06985699678629198,0.013187729573101688,4.29196105965489,-0.7080389403451095,0.18421978833255415,0.5825541212049835,0.898193472902495,0.11892170494782554,0.031060300100011772
1.5,5.0,1000,70,pdf,10,10,0,0.0,0,68.0,1.51469518748049,1.5227257777155732,0.014695187480489924,0.02247942336638235,0.07108617832497797,0.06902078534073817,0.017479329121178437,5.0084589846569205,0.00845898465692061,0.24025186166822535,0.7597430949672929,0.7208052217741343,0.22835558515577306,0.05047903619997669
1.5,5.0,1000,70,qlog,10,10,0,0.0,0,68.0,1.52,1.54,0.020000000000000018,0.020221001184137485,0.06394442031083632,0.06387487769068531,0.01380536979925268,4.091823551326458,-0.9081764486735429,0.15231358887333038,0.4816578594342037,1.0166510345858863,0.10711670157086861,0.03236704889993689
1.5,5.0,1000,100,pdf,10,10,0,0.0,0,95.7,1.5187727136207574,1.5241956973147333,0.018772713620757518,0.021829937950487512,0.06903232510368856,0.06812731093318002,0.01823949010569772,5.0430167309989296,0.04301673099892937,0.230046000128422,0.727469327017201,0.6914773305912549,0.2407263121719467,0.10192750250002973
1.5,5.0,1000,100,qlog,10,10,0,0.0,0,95.7,1.52,1.52,0.020000000000000018,0.020221001184137485,0.06394442031083632,0.06387487769068531,0.014362259912838295,3.830616943305956,-1.1693830566940444,0.15022342957749008,0.4750481953867746,1.2532200295356417,0.12190991794931508,0.03913153129992679
1.5,5.0,1000,150,pdf,10,10,0,0.0,0,139.7,1.5176863938625678,1.5255172625411526,0.017686393862567606,0.021644592731267058,0.06844621205752871,0.06729936164915414,0.017988163876168636,5.030667096857765,0.03066709685776443,0.23043768642265314,0.7287079478352423,0.6919929311373844,0.23493207551788492,0.11817414159997952
1.5,5.0,1000,150,qlog,10,10,0,0.0,0,139.7,1.518,1.52,0.018000000000000016,0.018961950204437205,0.059962951524717006,0.05966573556070524,0.009354310295186219,3.508165319569602,-1.4918346804303984,0.11325487277578575,0.35814335408407927,1.5300361791807418,0.10866536935517578,0.04948033590001159
1.5,5.0,1000,200,pdf,10,10,0,0.0,0,179.3,1.517877312955354,1.5260310378899535,0.01787731295535395,0.021888922016066955,0.06921884909657634,0.06805675926557782,0.017610333568619605,5.035426226473645,0.03542622647364509,0.2302591254539233,0.7281432884728499,0.6916851893856136,0.23375798932310834,0.08455737350000163
1.5,5.0,1000,200,qlog,10,10,0,0.0,0,179.3,1.516,1.52,0.016000000000000014,0.019275776393067965,0.060955357070199855,0.060000000000000046,0.010954451150103335,3.124115662971394,-1.8758843370286058,0.10071221096031788,0.31847997482597823,1.9000601545314009,0.09951699654465969,0.0836068368000042
1.5,5.0,5000,20,pdf,10,10,0,0.0,0,20.0,1.5022087247283065,1.5035498366538156,0.002208724728306466,0.008135211350083599,0.025725797113117607,0.02450537570249013,0.0032978784965907834,5.033521032263372,0.033521032263372594,0.07482972272969722,0.23663236050471553,0.2269780743557235,0.04117169039090816,0.07867982990003383
1.5,5.0,5000,20,qlog,10,10,0,0.0,0,20.0,1.6740000000000002,1.6700000000000002,0.1740000000000001,0.028759539480163986,0.0909456492148531,0.19421637418096352,0.028723705451427647,4.3097201980957145,-0.6902798019042856,0.06327578904129771,0.2000956141148229,0.7159054645874755,0.06987743251823214,0.025181025899973973
1.5,5.0,5000,30,pdf,10,10,0,0.0,0,29.9,1.5059923095582133,1.5002280724969452,0.005992309558213593,0.007243322033770193,0.022905395452796875,0.0225410558893226,0.006132794176864586,5.068821565970895,0.06882156597089502,0.06545266365511453,0.20697949607508348,0.20806938400118408,0.060357380221310236,0.06899832389999574
1.5,5.0,5000,30,qlog,10,10,0,0.0,0,29.9,1.56,1.56,0.06000000000000005,0.013333333333333345,0.04216370213557843,0.07211102550927985,0.01373746514892573,4.413458372581235,-0.586541627418766,0.049246979463961255,0.15573262298965562,0.6048623525827748,0.04819078887918942,0.027733306599998286
1.5,5.0,5000,40,pdf,10,10,0,0.0,0,39.6,1.5023527226687123,1.505360435485779,0.002352722668712404,0.0067197759401802885,0.021249797336969096,0.020296152397237907,0.00250989889769381,5.035766246376368,0.035766246376368646,0.06386273606580554,0.20195170357812633,0.19489809106338565,0.045702787351873046,0.03747502589999385
1.5,5.0,5000,40,qlog,10,10,0,0.0,0,39.6,1.5279999999999998,1.53,0.028000000000000025,0.009521904571390474,0.030110906108363266,0.040000000000000036,0.00795822425754222,4.545713763531,-0.4542862364690001,0.05827747858678904,0.1842895686259441,0.4867672598265737,0.05621882705983665,0.027942824600017957
1.5,5.0,5000,50,pdf,10,10,0,0.0,0,49.3,1.5052354653576703,1.506827382736631,0.0052354653576702995,0.005957713867246453,0.018839945468068824,0.018624158725354337,0.002361919835173296,5.05761960745569,0.05761960745568899,0.05803365089871665,0.18351851777502226,0.18338800640460307,0.03392760438343018,0.04184031070001311
1.5,5.0,5000,50,qlog,10,10,0,0.0,0,49.3,1.518,1.51,0.018000000000000016,0.008137703743822475,0.0257336787541584,0.030331501776206228,0.0061424318147647265,4.643462194751052,-0.3565378052489474,0.04724687407118042,0.1494077343880825,0.3836790462837633,0.04697720315484156,0.029607074400064447
1.5,5.0,5000,70,pdf,10,10,0,0.0,0,68.3,1.5041340928092821,1.5048121676706734,0.004134092809281853,0.006027780205755176,0.01906151468506475,0.018549876852308245,0.0032240912308753684,5.0515826941257265,0.05158269412572629,0.05955586211994455,0.18833217231396887,0.18596472985197182,0.037356367152433075,0.038676736899947176
1.5,5.0,5000,70,qlog,10,10,0,0.0,0,68.3,1.514,1.51,0.014000000000000012,0.007333333333333339,0.023190036174568135,0.026076809620810618,0.006864705602320905,4.720571037124465,-0.2794289628755349,0.05283443853872247,0.16707716467854133,0.3212535546184905,0.05191000616412604,0.03402316720000727
1.5,5.0,5000,100,pdf,10,10,0,0.0,0,96.7,1.5039130241779188,1.5061999587785402,0.003913024177918878,0.005539497241657811,0.017517428375858856,0.01707296182359664,0.002321507928448425,5.048218797984676,0.04821879798467652,0.05409546036695294,0.17106486583493924,0.1692983224072236,0.03626137506995408,0.04556805120005265
1.5,5.0,5000,100,qlog,10,10,0,0.0,0,96.7,1.518,1.52,0.018000000000000016,0.007571877794400371,0.023944379994757316,0.028982753492378905,0.006210590034081192,4.742691747335014,-0.25730825266498647,0.05035804373771486,0.15924611672155786,0.29838051211718725,0.05761863628913766,0.03969079970001985
1.5,5.0,5000,150,pdf,10,10,0,0.0,0,143.3,1.5039574332167303,1.5074046994678183,0.0039574332167303435,0.005829248746588201,0.018433703086900396,0.017929934361599925,0.0024916075255397964,5.050702890044709,0.05070289004470992,0.055871615619055064,0.17668156190965253,0.17511573300488134,0.0355083390342896,0.059795839100070226
1.5,5.0,5000,150,qlog,10,10,0,0.0,0,143.3,1.52,1.51,0.020000000000000018,0.009888264649460894,0.031269438398822895,0.035777087639996666,0.009383792173506173,4.655623598301596,-0.34437640169840406,0.06379754969668311,0.20174556617930298,0.3939876294662655,0.07387877900030763,0.03367927310000596
1.5,5.0,5000,200,pdf,10,10,0,0.0,0,189.4,1.5039166861585276,1.5066553318668405,0.003916686158527449,0.00558516614301542,0.017661846122386454,0.0172071833276156,0.0024152733044526383,5.049691284972535,0.04969128497253532,0.054223307433601174,0.171469153757719,0.1700903507656186,0.036487516796387454,0.08516413819993432
1.5,5.0,5000,200,qlog,10,10,0,0.0,0,189.4,1.528,1.52,0.028000000000000025,0.009521904571390474,0.030110906108363266,0.040000000000000036,0.00856348838577676,4.593815985484161,-0.40618401451583913,0.04887400129620708,0.15455316246203607,0.43183731389554364,0.05351237639025943,0.03689917880001303
1.9,2.0,1000,20,pdf,10,10,0,0.0,0,19.9,1.9070213484606438,1.916472193065462,0.0070213484606438835,0.008875887315711067,0.028068020172644995,0.027537823352193104,0.005525316965836108,2.1296005552719612,0.12960055527196138,0.07587235895269699,0.23992946574039006,0.26192716087535256,0.04545582593224,0.029818593700019845
1.9,2.0,1000,20,qlog,10,10,0,0.0,0,19.9,2.0580000000000003,2.05,0.15800000000000014,0.02772083051505574,0.08766096305907468,0.17854971296532532,0.029919754194573735,1.3201952014158316,-0.6798047985841686,0.06350524809407244,0.20082122735133584,0.7059963264759025,0.07388871064423173,0.023147886000015206
1.9,2.0,1000,30,pdf,10,10,0,0.0,0,29.9,1.9037963518496936,1.9005423924532598,0.00379635184969358,0.0066397885002802155,0.020996854842679033,0.020277904460835012,0.0047127426487111705,2.1050599564366568,0.10505995643665678,0.07561819725407357,0.23912573587876274,0.2500012004972697,0.04623794141635433,0.03479920039999342
1.9,2.0,1000,30,qlog,10,10,0,0.0,0,29.9,1.966,1.96,0.06600000000000006,0.020231987873991376,0.06397916327472047,0.08966604708583967,0.021441810646050753,1.4782902101315911,-0.5217097898684088,0.058795991429010534,0.18592925020341153,0.5507211838286429,0.058115661080638974,0.02244182389999878
1.9,2.0,1000,40,pdf,10,10,0,0.0,0,39.7,1.9007309097490914,1.9016724110553955,0.0007309097490915573,0.006249145765264437,0.01976153404863156,0.018761679941333056,0.004920722224542722,2.0751064419789373,0.0751064419789372,0.07496731813091437,0.23706747536812642,0.23711150692535143,0.04066585910986505,0.029073518899986085
1.9,2.0,1000,40,qlog,10,10,0,0.0,0,39.7,1.9300000000000002,1.92,0.030000000000000027,0.013743685418725546,0.043461349368017696,0.050990195135927896,0.014193413664548488,1.4716782021342727,-0.5283217978657272,0.051889164489623246,0.16408794567033796,0.5507778959099167,0.05160328629540986,0.025274068400017315
1.9,2.0,1000,50,pdf,10,10,0,0.0,0,49.1,1.9031657217211566,1.9039190968291906,0.003165721721156789,0.006528702323915492,0.020645569508807343,0.01984029688095669,0.00399538395229786,2.0937144998120703,0.09371449981207054,0.07299539184024835,0.23083169691165456,0.23819603805317402,0.046655882216710645,0.037876787400000465
1.9,2.0,1000,50,qlog,10,10,0,0.0,0,49.1,1.9280000000000002,1.91,0.028000000000000025,0.014666666666666679,0.04638007234913627,0.052153619241621235,0.013941989993086372,1.4501800864412437,-0.5498199135587563,0.052967623072299214,0.16749833115375104,0.5723216396320523,0.05482373960746296,0.0213840897999944
1.9,2.0,1000,70,pdf,10,10,0,0.0,0,66.7,1.9049132614723834,1.9028642897065684,0.004913261472383445,0.007736528690565689,0.024465051845427604,0.023723933567507773,0.003913525850349021,2.1066017291854915,0.10660172918549193,0.07921944967420588,0.2505138959555745,0.26047153304246773,0.055127858533216084,0.04239444429995274
1.9,2.0,1000,70,qlog,10,10,0,0.0,0,66.7,1.9280000000000002,1.91,0.028000000000000025,0.018184242262647823,0.057503623074260914,0.06131883886702362,0.016338615443480194,1.3683357071271849,-0.6316642928728149,0.06686318080613188,0.21143994295103002,0.6627487785112355,0.06602785553262104,0.023640246700074384
1.9,2.0,1000,100,pdf,10,10,0,0.0,0,92.8,1.9059272512070375,1.9097267076745068,0.00592725120703772,0.0069079674184907465,0.02184491104466432,0.02155487025165537,0.003585399875167533,2.1127514671221235,0.11275146712212367,0.0741529825063004,0.2344923200145304,0.24940103582264564,0.05092607591379807,0.04116810129999067
1.9,2.0,1000,100,qlog,10,10,0,0.0,0,92.8,1.9280000000000002,1.91,0.028000000000000025,0.016918103387266042,0.053499740393970395,0.05796550698475781,0.016532795690183004,1.1858850063131108,-0.8141149936868894,0.06579381728073104,0.20805831856405604,0.8377008179995624,0.06504386150763054,0.02663020430002234
1.9,2.0,1000,150,pdf,10,10,0,0.0,0,130.6,1.9056268059082266,1.9038439144838861,0.005626805908226551,0.006995416346621549,0.022121448836498026,0.021727484748402727,0.003838012813299256,2.108469913953164,0.10846991395316452,0.07639620811313327,0.24158602223773565,0.25356093500299576,0.052389588611828374,0.0430131104000111
1.9,2.0,1000,150,qlog,10,10,0,0.0,0,130.6,1.948,1.93,0.04800000000000004,0.019821424996424686,0.06268084945889689,0.07641989269817126,0.021230058240785745,0.9258931261125387,-1.0741068738874613,0.053190242520432876,0.16820231566130311,1.085895203795807,0.05062680030400191,0.02377511770005185
1.9,2.0,1000,200,pdf,10,10,0,0.0,0,165.5,1.906817054562179,1.9069070823412688,0.006817054562179225,0.006900058742291571,0.02181990161459816,0.021793795647555236,0.003866881310160397,2.1162336638553088,0.11623366385530895,0.0761513905934137,0.24081184126430866,0.25632318119324454,0.05548694159873752,0.051002175999974496
1.9,2.0,1000,200,qlog,10,10,0,0.0,0,165.5,1.95,1.94,0.050000000000000065,0.021959558789334147,0.06944222218666556,0.0827042925125414,0.023086834978353784,0.7086473731772157,-1.2913526268227844,0.040371847445171104,0.12766699127559045,1.297019884734745,0.03943512396251632,0.02821865070000058
1.9,2.0,5000,20,pdf,10,10,0,0.0,0,20.0,1.9012580543495834,1.9048584677625433,0.001258054349583082,0.0051816470920762435,0.016385806842149152,0.015595765451811098,0.0026239225466410626,1.9897355121525724,-0.010264487847427572,0.040178102218607986,0.12705431507386564,0.12097056994066861,0.01763065900640836,0.04504555780001738
1.9,2.0,5000,20,qlog,10,10,0,0.0,0,20.0,2.17,2.1500000000000004,0.27000000000000013,0.019148542155126763,0.06055300708194984,0.2760434748368454,0.022153327148806117,1.1192135538376307,-0.8807864461623695,0.06312017595544156,0.19960352232979015,0.9009118565415539,0.07325374359654842,0.018923611600052938
1.9,2.0,5000,30,pdf,10,10,0,0.0,0,29.6,1.9014828366067338,1.9057783388226035,0.0014828366067339172,0.004490588024900582,0.014200486192162756,0.013553126269857252,0.0023796824462104286,1.9837950435714933,-0.016204956428506855,0.03727109466767961,0.11786155003762404,0.11298146349022933,0.018250661208115398,0.06526780770000187
1.9,2.0,5000,30,qlog,10,10,0,0.0,0,29.6,2.0220000000000002,2.0,0.12200000000000011,0.014742229591664,0.04661902329879228,0.12976902558006678,0.018580462073452996,1.423207557467449,-0.5767924425325508,0.04358758984113697,0.13783606161520964,0.5914291366310073,0.04716739871665175,0.024411083800055168
1.9,2.0,5000,40,pdf,10,10,0,0.0,0,39.6,1.9029756903786512,1.907242817009568,0.002975690378651241,0.004963717496414087,0.015696652950297187,0.015185557470421149,0.002931590689175223,1.9944709250566763,-0.005529074943323664,0.03587108050064178,0.11343431651328106,0.10775518742167635,0.01712858540212681,0.08412551829999301
1.9,2.0,5000,40,qlog,10,10,0,0.0,0,39.6,1.9600000000000002,1.94,0.06000000000000005,0.01074967699773141,0.03399346342395193,0.06811754546370566,0.013626096215875313,1.5507581473076157,-0.44924185269238415,0.035291829682180545,0.11160256459042686,0.46154941381322334,0.03669280850652428,0.026864938999983677
1.9,2.0,5000,50,pdf,10,10,0,0.0,0,49.4,1.9047479718940843,1.907583942925143,0.004747971894084335,0.004417424309928595,0.013969122210771914,0.014077143705757496,0.002668166623676916,2.003722757983013,0.0037227579830132916,0.035903672534699095,0.11353738157447997,0.10777533224402626,0.017454529299578313,0.06767582280003807
1.9,2.0,5000,50,qlog,10,10,0,0.0,0,49.4,1.9380000000000002,1.92,0.038000000000000034,0.010088497300281047,0.03190262963734776,0.04857983120596452,0.01417472353148286,1.630237428965677,-0.3697625710343232,0.025521298795592506,0.08070543303978435,0.3776061296746096,0.025680609588107917,0.021019843399994898
1.9,2.0,5000,70,pdf,10,10,0,0.0,0,68.5,1.9048529064691142,1.909074662241836,0.004852906469114382,0.004246043621939651,0.013427168889760192,0.01363123909087878,0.0020430340882447813,2.003907136174771,0.003907136174770898,0.03431540253298652,0.10851483082974869,0.10302032504363534,0.017382753831044522,0.052985868599944294
1.9,2.0,5000,70,qlog,10,10,0,0.0,0,68.5,1.922,1.92,0.02200000000000002,0.008666666666666673,0.027406406388125977,0.034058772731852836,0.009921145033409524,1.7011717073190116,-0.2988282926809885,0.03594753432840707,0.1136760847448576,0.3176922654476539,0.03356198731989749,0.024536762200023078
1.9,2.0,5000,100,pdf,10,10,0,0.0,0,97.1,1.9065692606441509,1.9103710188480465,0.006569260644150821,0.00436514138031993,0.01380378907046228,0.014650778779383073,0.002203103184643335,2.0133142741948538,0.013314274194853848,0.03536924771947551,0.11184738192025882,0.10693981043330107,0.020257074381962867,0.06298433520005346
1.9,2.0,5000,100,qlog,10,10,0,0.0,0,97.1,1.9200000000000004,1.92,0.020000000000000018,0.009428090415820642,0.029814239699997223,0.03464101615137758,0.009660917830792965,1.6905796606843537,-0.30942033931564605,0.03915642784540157,0.12382349702750846,0.33096824463491775,0.039526162113634765,0.024758846000008817
1.9,2.0,5000,150,pdf,10,10,0,0.0,0,143.7,1.90630418532417,1.910045962308285,0.006304185324169853,0.004174780843939901,0.013201816198890043,0.014021480251950096,0.001985209210037264,2.0100286312977262,0.010028631297725776,0.03550097639194486,0.11226394455841228,0.10697404997820062,0.020315383076268373,0.07950494370002162
1.9,2.0,5000,150,qlog,10,10,0,0.0,0,143.7,1.9259999999999997,1.92,0.026000000000000023,0.009910712498212343,0.031340424729448445,0.03949683531626303,0.012618667490300613,1.6156065713285817,-0.38439342867141857,0.027284708342126946,0.08628182365451786,0.39301196647125564,0.027614192908744953,0.026877174700007344
1.9,2.0,5000,200,pdf,10,10,0,0.0,0,189.7,1.9067462810193407,1.9104144996895225,0.006746281019340983,0.004359152602479424,0.013784850892085533,0.01471503347931117,0.0022543827920976957,2.0144934186240797,0.014493418624079712,0.034880168369620386,0.11030077721816228,0.10563945519004925,0.019110018097266382,0.07080035149997457
1.9,2.0,5000,200,qlog,10,10,0,0.0,0,189.7,1.9280000000000002,1.92,0.028000000000000025,0.01083205120618129,0.03425395354310704,0.04289522117905448,0.016347671907999458,1.5116373567017178,-0.488362643298282,0.03144987312453132,0.0994532311968353,0.49739312625450205,0.030852183278885153,0.027124201000015093
1.9,5.0,1000,20,pdf,10,10,0,0.0,0,20.0,1.895208457609558,1.8811942032171878,-0.004791542390442105,0.012566093953440403,0.03973747818454154,0.038001570147819255,0.010018134859493672,5.134631404754979,0.13463140475497815,0.22952140663238302,0.7258104167240074,0.7016026653803905,0.20446641931998238,0.038786386500032674
1.9,5.0,1000,20,qlog,10,10,0,0.0,0,20.0,2.0360000000000005,2.01,0.13600000000000007,0.026127890589687223,0.08262364471909153,0.15697133496278873,0.030798184013479366,3.2751498373744545,-1.7248501626255455,0.1055318468211663,0.33372100163888563,1.753664967931659,0.09979735942063718,0.023725387099989347
1.9,5.0,1000,30,pdf,10,10,0,0.0,0,29.8,1.8970967509015602,1.892482689226385,-0.002903249098439664,0.010062785660251226,0.03182132229247517,0.03032764007510327,0.008500893411489902,5.128649373904523,0.12864937390452225,0.19795612785639785,0.6259922408137224,0.6076432492911548,0.14117356195855482,0.031087818200035144
1.9,5.0,1000,30,qlog,10,10,0,0.0,0,29.8,1.9499999999999997,1.94,0.050000000000000044,0.017950549357115028,0.05676462121975472,0.07348469228349541,0.02139285677481283,3.656419985462199,-1.3435800145378014,0.13042647217264555,0.4124447192461298,1.399395168369541,0.13027068799117628,0.02732735150002554
1.9,5.0,1000,40,pdf,10,10,0,0.0,0,39.6,1.9042901679028268,1.8959888694256364,0.004290167902826858,0.010688445562543312,0.03379983262435656,0.03235106424100314,0.011340131655977312,5.252698304665224,0.25269830466522397,0.2255060452179262,0.7131127290255684,0.7221725701306738,0.18801414092293736,0.03594702530001541
1.9,5.0,1000,40,qlog,10,10,0,0.0,0,39.6,1.932,1.93,0.03200000000000003,0.015549205052920812,0.04917090377222877,0.05656854249492385,0.016499158227686123,3.7126905507454113,-1.2873094492545887,0.12448545567126504,0.39365757548512254,1.3403862414256924,0.11153089380120193,0.018720781899992288
1.9,5.0,1000,50,pdf,10,10,0,0.0,0,49.0,1.8984022493653447,1.8903674604487106,-0.0015977506346551485,0.009977025302940935,0.031550124230424775,0.029973690332527527,0.009912828781982583,5.1359651213276045,0.135965121327604,0.19885469071287049,0.6288337460610028,0.6118620811786202,0.1522659919222447,0.03173295790002158
1.9,5.0,1000,50,qlog,10,10,0,0.0,0,49.0,1.918,1.9,0.018000000000000016,0.015620499351813323,0.04939635614091392,0.050199601592044577,0.019033526532808705,3.5360452639657636,-1.463954736034236,0.12125873527166486,0.3834537896498573,1.5084749242444246,0.11040412916267738,0.032519623000007415
1.9,5.0,1000,70,pdf,10,10,0,0.0,0,66.7,1.9010420699344164,1.8920781923827534,0.0010420699344162233,0.009933356476564011,0.03141203127632726,0.0298182837829859,0.010400031608128085,5.167838731129256,0.16783873112925612,0.2005101446147509,0.6340687509523578,0.6245067673836158,0.15269089591741639,0.03644124159998228
1.9,5.0,1000,70,qlog,10,10,0,0.0,0,66.7,1.9120000000000001,1.91,0.01200000000000001,0.01339983416149453,0.042373996218855244,0.0419523539268061,0.01121867130539914,3.249275667321811,-1.750724332678189,0.10055847911255751,0.31799383203814924,1.776525755097394,0.09738933582502685,0.02073998779999329
1.9,5.0,1000,100,pdf,10,10,0,0.0,0,91.5,1.902378979113125,1.8921996823297018,0.0023789791131253015,0.010273748991401682,0.03248844692168696,0.030912922971883954,0.01090925215199058,5.203946944133884,0.20394694413388334,0.21202825177249693,0.6704922039047236,0.6679806673616097,0.16921191930954552,0.048832569300020626
1.9,5.0,1000,100,qlog,10,10,0,0.0,0,91.5,1.916,1.91,0.016000000000000035,0.01654623152798781,0.05232377832092957,0.052153619241621214,0.013070947678061247,2.778384310138006,-2.221615689861994,0.0904190288762976,0.2859300750696355,2.238114536945636,0.0897123747662854,0.029878503399982038
1.9,5.0,1000,150,pdf,10,10,0,0.0,0,130.1,1.90373115511468,1.892548870193643,0.0037311551146801403,0.010544984525692464,0.03334616899241853,0.03185422744807423,0.011384580225533519,5.226320510587849,0.22632051058784802,0.22405308802161203,0.7085180749424833,0.7092383589322607,0.1844009207908665,0.04125274970001556
1.9,5.0,1000,150,qlog,10,10,0,0.0,0,130.1,1.922,1.92,0.02200000000000004,0.019425069712444627,0.06142746399887705,0.06228964600958978,0.014861329231573133,2.0929538026182,-2.9070461973818,0.06819914871723935,0.21566464443102698,2.9142370714620647,0.06920636103313453,0.032580938100045385
1.9,5.0,1000,200,pdf,10,10,0,0.0,0,164.6,1.9030357371850073,1.8933768484758726,0.003035737185007159,0.010283229228330327,0.03251842606313952,0.030998692400130683,0.011069482020711712,5.219359109804322,0.21935910980432202,0.21728546313116914,0.6871169659390363,0.6877755240245793,0.17855724327814873,0.04793295469999066
1.9,5.0,1000,200,qlog,10,10,0,0.0,0,164.6,1.9280000000000002,1.92,0.028000000000000046,0.022150996967781545,0.0700476028616731,0.07211102550927984,0.016486202467362588,1.6763093997163057,-3.323690600283695,0.060546918394040486,0.19146616742951217,3.328650262547466,0.06095197839044914,0.03354367550002735
1.9,5.0,5000,20,pdf,10,10,0,0.0,0,20.0,1.9038898238731057,1.9070794368348096,0.003889823873105769,0.005237058877734114,0.016561034294045072,0.016185542961651513,0.0027449633662713227,5.053493439228101,0.05349343922810057,0.0906160221372438,0.2865530224579294,0.2770612193220979,0.04555631191095025,0.03791637969998192
1.9,5.0,5000,20,qlog,10,10,0,0.0,0,20.0,2.196,2.19,0.29600000000000015,0.017333333333333326,0.05481281277625189,0.30053286010018954,0.017070916764866283,2.6691914116242,-2.3308085883758,0.15233481423270115,0.48172497991397095,2.3751887790851893,0.159544553411047,0.02352829890007797
1.9,5.0,5000,30,pdf,10,10,0,0.0,0,29.8,1.9034616545012426,1.9054352380023518,0.0034616545012425394,0.0043565990370542365,0.013776775809187687,0.013520452966262995,0.002238521572208853,5.035756608432841,0.035756608432840856,0.07015418961079276,0.22184702657342656,0.21347840154484732,0.03705785532855284,0.03231954720001795
1.9,5.0,5000,30,qlog,10,10,0,0.0,0,29.8,2.0380000000000003,2.0300000000000002,0.13800000000000012,0.011718930554164638,0.037058512292499485,0.14240786495134333,0.01167356797851936,3.4479947852577872,-1.5520052147422134,0.08998148285463885,0.2845464330600485,1.5753063803265386,0.08886980986306481,0.01818680380004025
1.9,5.0,5000,40,pdf,10,10,0,0.0,0,39.6,1.9051374067423812,1.9093452978154486,0.005137406742381101,0.004264951653938417,0.013486961336947637,0.013787721404588617,0.0019540774767119098,5.074901270172328,0.07490127017232746,0.07656620520072961,0.24212360023013524,0.24160226464789214,0.04874164375177505,0.04890156720000505
1.9,5.0,5000,40,qlog,10,10,0,0.0,0,39.6,1.97,1.97,0.07000000000000006,0.006831300510639738,0.021602468994692887,0.07293833011524194,0.0066169827831786205,3.878699190050746,-1.1213008099492536,0.0784706762195437,0.24814606638736916,1.145746189009601,0.07823920160395667,0.02226396300002307
1.9,5.0,5000,50,pdf,10,10,0,0.0,0,49.2,1.9054963512774283,1.9069993434759631,0.005496351277428313,0.0033218001714188867,0.010504454473621439,0.011380645182696577,0.00196624577781287,5.066208837617081,0.06620883761708125,0.06502031793394421,0.20561229885955723,0.20599122766925224,0.05047776207908424,0.032819960699998776
1.9,5.0,5000,50,qlog,10,10,0,0.0,0,49.2,1.9420000000000002,1.94,0.04200000000000004,0.0046666666666666705,0.01475729574745245,0.04427188724235735,0.004387675999919792,4.095958357461608,-0.9040416425383919,0.06128751568868345,0.19380814170954275,0.9225490380771794,0.059856781753689164,0.026489996100008285
1.9,5.0,5000,70,pdf,10,10,0,0.0,0,68.5,1.9055416603362008,1.906663346890479,0.005541660336200871,0.003135362233700317,0.009914885948166143,0.010917163840047933,0.0029615286757279664,5.073186180327083,0.07318618032708227,0.07042934542585089,0.2227171456604503,0.22360422908543706,0.060053512466488566,0.03906884479999917
1.9,5.0,5000,70,qlog,10,10,0,0.0,0,68.5,1.9260000000000002,1.92,0.026000000000000023,0.006000000000000005,0.018973665961010293,0.03162277660168382,0.005597618541248893,4.304624128653613,-0.695375871346388,0.06009182941850495,0.19002704972878723,0.7183640122643343,0.05584999330063675,0.019661368499987474
1.9,5.0,5000,100,pdf,10,10,0,0.0,0,96.5,1.9059156334231964,1.9077273326774002,0.005915633423196787,0.003040553645741166,0.00961507486847081,0.01087195553023061,0.0025216307668705774,5.07232720684291,0.07232720684291002,0.06655725246981153,0.2104725126074717,0.2123676895308446,0.05628275673558572,0.044222132699997016
1.9,5.0,5000,100,qlog,10,10,0,0.0,0,96.5,1.9260000000000002,1.92,0.026000000000000023,0.005206833117271107,0.016465452046971307,0.03033150177620623,0.005650873131628288,4.29566858368837,-0.7043314163116295,0.048358507082475584,0.1529230266260069,0.7191172719861194,0.04892879275845479,0.02535041310006818
1.9,5.0,5000,150,pdf,10,10,0,0.0,0,142.9,1.905122203604313,1.9054331250709575,0.005122203604312902,0.0031953990552468256,0.010104739047730182,0.01086886129566878,0.002814128389380793,5.062018760617405,0.06201876061740528,0.06805844078912363,0.21521968689333806,0.21338671217378755,0.05594245019411379,0.05507848980003018
1.9,5.0,5000,150,qlog,10,10,0,0.0,0,142.9,1.932,1.92,0.03200000000000003,0.007423685817106702,0.023475755815545365,0.03898717737923589,0.008193564726294456,4.134929703490448,-0.8650702965095523,0.05806921626679051,0.18363098534395791,0.8824369228469978,0.05717654128963388,0.025725706200000788
1.9,5.0,5000,200,pdf,10,10,0,0.0,0,189.0,1.906136326463164,1.9062797975711365,0.006136326463164088,0.0030535813921653255,0.009656272219950269,0.011026048083050102,0.0025367120943800042,5.076295949636166,0.07629594963616597,0.065286869967069,0.20645521039918024,0.21019621890452067,0.05418215452042306,0.05233657380001659
1.9,5.0,5000,200,qlog,10,10,0,0.0,0,189.0,1.9420000000000002,1.94,0.04200000000000004,0.00963788819653398,0.03047767853509992,0.05099019513592789,0.010046898573200146,3.9339452174990024,-1.066054782500998,0.04513630241909427,0.1427335208025058,1.074620105645647,0.04379622771617167,0.024844960599989464
