q_true,b_true,n,rep,condition,noise_fraction,noise_sigma,method,q_hat,b_hat,success,at_bound,occupied_bins,max_abs_x,objective,seconds,message
1.5,2.0,2000,0,clean,0.1,0.05773502691896259,pdf,1.5016837398801486,2.1606185525923713,True,False,48,13.611399860873536,51.302381321303606,0.05312028600019403,CONVERGENCE: RELATIVE REDUCTION OF F <= FACTR*EPSMCH
1.5,2.0,2000,0,clean,0.1,0.05773502691896259,mle,1.498074011682633,2.148933702735786,True,False,48,13.611399860873536,2371.443948195264,0.008361443000467261,CONVERGENCE: RELATIVE REDUCTION OF F <= FACTR*EPSMCH
1.5,2.0,2000,0,clean,0.1,0.05773502691896259,qlog,1.5,1.9487956610775266,True,False,48,13.611399860873536,56.16844553576803,0.02615202800006955,barrido q-log; q por deviance de bins
1.5,2.0,2000,0,clean,0.1,0.05773502691896259,cdf,1.5511866946430746,2.3735068785693842,True,False,48,13.611399860873536,4.16940779210327e-05,0.076573512997129,CONVERGENCE: NORM OF PROJECTED GRADIENT <= PGTOL
1.5,2.0,2000,0,noisy,0.1,0.05773502691896259,pdf,1.5038617545195,2.157166153716578,True,False,48,13.73709337923575,47.44785465577955,0.05502326599889784,CONVERGENCE: RELATIVE REDUCTION OF F <= FACTR*EPSMCH
1.5,2.0,2000,0,noisy,0.1,0.05773502691896259,mle,1.4986951549206387,2.1416775063324494,True,False,48,13.73709337923575,2376.461409574403,0.010348877000069479,CONVERGENCE: RELATIVE REDUCTION OF F <= FACTR*EPSMCH
1.5,2.0,2000,0,noisy,0.1,0.05773502691896259,qlog,1.5,1.9552352077183641,True,False,48,13.73709337923575,51.46625788653098,0.03553927499888232,barrido q-log; q por deviance de bins
1.5,2.0,2000,0,noisy,0.1,0.05773502691896259,cdf,1.556850139645758,2.388742451537645,True,False,48,13.73709337923575,4.5978521515690014e-05,0.08580797800095752,CONVERGENCE: NORM OF PROJECTED GRADIENT <= PGTOL
1.5,2.0,2000,1,clean,0.1,0.05773502691896259,pdf,1.4618075509406143,1.8798953521648603,True,False,47,19.373936292404412,63.29782406646861,0.04122347299926332,CONVERGENCE: RELATIVE REDUCTION OF F <= FACTR*EPSMCH
1.5,2.0,2000,1,clean,0.1,0.05773502691896259,mle,1.4709017727461988,1.911424324385577,True,False,47,19.373936292404412,2418.2784238377635,0.008444374001555843,CONVERGENCE: RELATIVE REDUCTION OF F <= FACTR*EPSMCH
1.5,2.0,2000,1,clean,0.1,0.05773502691896259,qlog,1.52,1.7190106292909388,True,False,47,19.373936292404412,86.74395369323328,0.03459391999786021,barrido q-log; q por deviance de bins
1.5,2.0,2000,1,clean,0.1,0.05773502691896259,cdf,1.4489061972438901,1.8278464516828645,True,False,47,19.373936292404412,7.909902684943723e-05,0.09689800799969817,CONVERGENCE: NORM OF PROJECTED GRADIENT <= PGTOL
1.5,2.0,2000,1,noisy,0.1,0.05773502691896259,pdf,1.4610534030925593,1.869601308934153,True,False,47,19.36418658508994,49.93934703434752,0.04090607100079069,CONVERGENCE: RELATIVE REDUCTION OF F <= FACTR*EPSMCH
1.5,2.0,2000,1,noisy,0.1,0.05773502691896259,mle,1.4707838647505531,1.901715216399144,True,False,47,19.36418658508994,2423.071085101047,0.008037808998778928,CONVERGENCE: NORM OF PROJECTED GRADIENT <= PGTOL
1.5,2.0,2000,1,noisy,0.1,0.05773502691896259,qlog,1.52,1.7750412902598014,True,False,47,19.36418658508994,67.09527155115049,0.025506238998787012,barrido q-log; q por deviance de bins
1.5,2.0,2000,1,noisy,0.1,0.05773502691896259,cdf,1.447460279377063,1.8152285211477694,True,False,47,19.36418658508994,6.994098922457713e-05,0.08950360000017099,CONVERGENCE: NORM OF PROJECTED GRADIENT <= PGTOL
1.5,2.0,2000,2,clean,0.1,0.05773502691896259,pdf,1.4772773965152242,1.8507597807033884,True,False,50,11.002168217291217,53.22470945079033,0.06116049599950202,CONVERGENCE: RELATIVE REDUCTION OF F <= FACTR*EPSMCH
1.5,2.0,2000,2,clean,0.1,0.05773502691896259,mle,1.4747042444470673,1.8436847441923103,True,False,50,11.002168217291217,2464.0529370986815,0.010502141998586012,CONVERGENCE: RELATIVE REDUCTION OF F <= FACTR*EPSMCH
1.5,2.0,2000,2,clean,0.1,0.05773502691896259,qlog,1.48,1.660410372891863,True,False,50,11.002168217291217,59.80516570390278,0.050136750000092434,barrido q-log; q por deviance de bins
1.5,2.0,2000,2,clean,0.1,0.05773502691896259,cdf,1.42377947999008,1.6928684711445885,True,False,50,11.002168217291217,5.5026858315713484e-05,0.10976732800190803,CONVERGENCE: NORM OF PROJECTED GRADIENT <= PGTOL
1.5,2.0,2000,2,noisy,0.1,0.05773502691896259,pdf,1.4779797154950234,1.836668972749079,True,False,50,10.948453903039017,55.963667608963235,0.039519420999567956,CONVERGENCE: RELATIVE REDUCTION OF F <= FACTR*EPSMCH
1.5,2.0,2000,2,noisy,0.1,0.05773502691896259,mle,1.475409370367447,1.8340319615048877,True,False,50,10.948453903039017,2471.104790580747,0.0072264629998244345,CONVERGENCE: RELATIVE REDUCTION OF F <= FACTR*EPSMCH
1.5,2.0,2000,2,noisy,0.1,0.05773502691896259,qlog,1.48,1.6129792172124056,True,False,50,10.948453903039017,65.03101801225476,0.024940282997704344,barrido q-log; q por deviance de bins
1.5,2.0,2000,2,noisy,0.1,0.05773502691896259,cdf,1.4231757998872183,1.6802056289663234,True,False,50,10.948453903039017,5.995220663414867e-05,0.0971725579984195,CONVERGENCE: NORM OF PROJECTED GRADIENT <= PGTOL
1.5,2.0,2000,3,clean,0.1,0.05773502691896259,pdf,1.511278963959949,1.9590655336869138,True,False,49,11.815609336227338,30.193286199672908,0.048312117000023136,CONVERGENCE: RELATIVE REDUCTION OF F <= FACTR*EPSMCH
1.5,2.0,2000,3,clean,0.1,0.05773502691896259,mle,1.501562769006044,1.9267627159850542,True,False,49,11.815609336227338,2489.775308812726,0.00685904300189577,CONVERGENCE: RELATIVE REDUCTION OF F <= FACTR*EPSMCH
1.5,2.0,2000,3,clean,0.1,0.05773502691896259,qlog,1.52,1.8178050839000583,True,False,49,11.815609336227338,34.36020697590044,0.026756241997645702,barrido q-log; q por deviance de bins
1.5,2.0,2000,3,clean,0.1,0.05773502691896259,cdf,1.5120924990395712,1.9666786042889026,True,False,49,11.815609336227338,4.6821224376549395e-05,0.06552206500055036,CONVERGENCE: NORM OF PROJECTED GRADIENT <= PGTOL
1.5,2.0,2000,3,noisy,0.1,0.05773502691896259,pdf,1.5113926328604081,1.9504351180870263,True,False,49,11.797247720203941,51.18180433455078,0.03622042999995756,CONVERGENCE: RELATIVE REDUCTION OF F <= FACTR*EPSMCH
1.5,2.0,2000,3,noisy,0.1,0.05773502691896259,mle,1.5018134041222015,1.9183151558751426,True,False,49,11.797247720203941,2494.831778513538,0.008583676997659495,CONVERGENCE: RELATIVE REDUCTION OF F <= FACTR*EPSMCH
1.5,2.0,2000,3,noisy,0.1,0.05773502691896259,qlog,1.52,1.7718167246981944,True,False,49,11.797247720203941,57.40836323281607,0.03890632899856428,barrido q-log; q por deviance de bins
1.5,2.0,2000,3,noisy,0.1,0.05773502691896259,cdf,1.5009588205615123,1.9185742155638545,True,False,49,11.797247720203941,5.828364511494585e-05,0.053935956999339396,CONVERGENCE: NORM OF PROJECTED GRADIENT <= PGTOL
1.5,2.0,2000,4,clean,0.1,0.05773502691896259,pdf,1.4989260285757304,1.9703051509028395,True,False,48,17.44905314083928,37.27008358713796,0.078179166001064,CONVERGENCE: RELATIVE REDUCTION OF F <= FACTR*EPSMCH
1.5,2.0,2000,4,clean,0.1,0.05773502691896259,mle,1.4899897977782044,1.9307286492628637,True,False,48,17.44905314083928,2457.3537259307113,0.009023294001963222,CONVERGENCE: RELATIVE REDUCTION OF F <= FACTR*EPSMCH
1.5,2.0,2000,4,clean,0.1,0.05773502691896259,qlog,1.52,1.819458278479733,True,False,48,17.44905314083928,44.87945971279974,0.025227550002455246,barrido q-log; q por deviance de bins
1.5,2.0,2000,4,clean,0.1,0.05773502691896259,cdf,1.4971797170741532,1.948509752579657,True,False,48,17.44905314083928,3.119729952887e-05,0.06533622499773628,CONVERGENCE: NORM OF PROJECTED GRADIENT <= PGTOL
1.5,2.0,2000,4,noisy,0.1,0.05773502691896259,pdf,1.4861574037377676,1.8903546730168255,True,False,48,17.363839588547815,42.59728480814239,0.05436657799873501,CONVERGENCE: RELATIVE REDUCTION OF F <= FACTR*EPSMCH
1.5,2.0,2000,4,noisy,0.1,0.05773502691896259,mle,1.483152684058482,1.8758455968936827,True,False,48,17.363839588547815,2468.4600698790873,0.008322380999743473,CONVERGENCE: RELATIVE REDUCTION OF F <= FACTR*EPSMCH
1.5,2.0,2000,4,noisy,0.1,0.05773502691896259,qlog,1.5,1.7056953467755478,True,False,48,17.363839588547815,51.156268596564665,0.027479483000206528,barrido q-log; q por deviance de bins
1.5,2.0,2000,4,noisy,0.1,0.05773502691896259,cdf,1.4790604526743854,1.8545880219654343,True,False,48,17.363839588547815,3.956077655956226e-05,0.09158667600058834,CONVERGENCE: NORM OF PROJECTED GRADIENT <= PGTOL
1.5,2.0,2000,5,clean,0.1,0.05773502691896259,pdf,1.5142899508914318,2.111597233827926,True,False,50,13.847652768847492,39.93608378860162,0.03485070200258633,CONVERGENCE: RELATIVE REDUCTION OF F <= FACTR*EPSMCH
1.5,2.0,2000,5,clean,0.1,0.05773502691896259,mle,1.5166913237723052,2.1272075750714663,True,False,50,13.847652768847492,2431.1815243875308,0.00895345000026282,CONVERGENCE: RELATIVE REDUCTION OF F <= FACTR*EPSMCH
1.5,2.0,2000,5,clean,0.1,0.05773502691896259,qlog,1.52,1.9051104099509462,True,False,50,13.847652768847492,46.260144554461505,0.04175105400281609,barrido q-log; q por deviance de bins
1.5,2.0,2000,5,clean,0.1,0.05773502691896259,cdf,1.5179256392158806,2.1253979400739595,True,False,50,13.847652768847492,1.2358528204971526e-05,0.09227026000007754,CONVERGENCE: NORM OF PROJECTED GRADIENT <= PGTOL
1.5,2.0,2000,5,noisy,0.1,0.05773502691896259,pdf,1.509260601306473,2.0637811190090996,True,False,50,13.870744915236981,57.55412100510521,0.05451522900330019,CONVERGENCE: RELATIVE REDUCTION OF F <= FACTR*EPSMCH
1.5,2.0,2000,5,noisy,0.1,0.05773502691896259,mle,1.5085419104819238,2.063036290508073,True,False,50,13.870744915236981,2439.9667209516488,0.008041989000048488,CONVERGENCE: RELATIVE REDUCTION OF F <= FACTR*EPSMCH
1.5,2.0,2000,5,noisy,0.1,0.05773502691896259,qlog,1.52,1.8727766085424893,True,False,50,13.870744915236981,64.447907357725,0.04167861200039624,barrido q-log; q por deviance de bins
1.5,2.0,2000,5,noisy,0.1,0.05773502691896259,cdf,1.4879697541566597,1.9795250735727983,True,False,50,13.870744915236981,2.54897810355099e-05,0.05032142300115083,CONVERGENCE: NORM OF PROJECTED GRADIENT <= PGTOL
1.5,2.0,2000,6,clean,0.1,0.05773502691896259,pdf,1.5115679166401212,1.9957970305352248,True,False,50,10.497265372215026,41.35237870048382,0.046344605998456245,CONVERGENCE: RELATIVE REDUCTION OF F <= FACTR*EPSMCH
1.5,2.0,2000,6,clean,0.1,0.05773502691896259,mle,1.5013920571271693,1.9571201956015665,True,False,50,10.497265372215026,2473.691328531295,0.008629556999949273,CONVERGENCE: RELATIVE REDUCTION OF F <= FACTR*EPSMCH
1.5,2.0,2000,6,clean,0.1,0.05773502691896259,qlog,1.52,1.8610357231606187,True,False,50,10.497265372215026,45.02984689061163,0.025449481996474788,barrido q-log; q por deviance de bins
1.5,2.0,2000,6,clean,0.1,0.05773502691896259,cdf,1.5347912796258731,2.082267971408444,True,False,50,10.497265372215026,2.7207302615894998e-05,0.08439734499916085,CONVERGENCE: NORM OF PROJECTED GRADIENT <= PGTOL
1.5,2.0,2000,6,noisy,0.1,0.05773502691896259,pdf,1.5139875755565944,1.9747159440722815,True,False,50,10.480115306205253,34.30322851251945,0.03974035800274578,CONVERGENCE: RELATIVE REDUCTION OF F <= FACTR*EPSMCH
1.5,2.0,2000,6,noisy,0.1,0.05773502691896259,mle,1.498233091032143,1.9238655392346533,True,False,50,10.480115306205253,2482.4979512197574,0.007517271002143389,CONVERGENCE: RELATIVE REDUCTION OF F <= FACTR*EPSMCH
1.5,2.0,2000,6,noisy,0.1,0.05773502691896259,qlog,1.52,1.8402297751296437,True,False,50,10.480115306205253,37.60638440576756,0.03856529800032149,barrido q-log; q por deviance de bins
1.5,2.0,2000,6,noisy,0.1,0.05773502691896259,cdf,1.5210761273456186,2.006558445057796,True,False,50,10.480115306205253,3.059565636913053e-05,0.050946138999279356,CONVERGENCE: NORM OF PROJECTED GRADIENT <= PGTOL
1.5,2.0,2000,7,clean,0.1,0.05773502691896259,pdf,1.5189418838598872,2.011651571139147,True,False,48,17.23266730274302,59.87157661099515,0.056833835998986615,CONVERGENCE: RELATIVE REDUCTION OF F <= FACTR*EPSMCH
1.5,2.0,2000,7,clean,0.1,0.05773502691896259,mle,1.5226408296405531,2.022631717919859,True,False,48,17.23266730274302,2497.6856035966052,0.007987916997080902,CONVERGENCE: NORM OF PROJECTED GRADIENT <= PGTOL
1.5,2.0,2000,7,clean,0.1,0.05773502691896259,qlog,1.54,1.8092743091201742,True,False,48,17.23266730274302,70.69773181873408,0.028225297999597387,barrido q-log; q por deviance de bins
1.5,2.0,2000,7,clean,0.1,0.05773502691896259,cdf,1.5396691958429922,2.0765752985825916,True,False,48,17.23266730274302,3.394472213536653e-05,0.08890829200026928,CONVERGENCE: NORM OF PROJECTED GRADIENT <= PGTOL
1.5,2.0,2000,7,noisy,0.1,0.05773502691896259,pdf,1.5136618941391937,1.9819710892279798,True,False,48,17.29839581837292,57.17573906155986,0.03605458600213751,CONVERGENCE: RELATIVE REDUCTION OF F <= FACTR*EPSMCH
1.5,2.0,2000,7,noisy,0.1,0.05773502691896259,mle,1.5213958492898598,2.0036846189532835,True,False,48,17.29839581837292,2503.719452560921,0.02092629099934129,CONVERGENCE: RELATIVE REDUCTION OF F <= FACTR*EPSMCH
1.5,2.0,2000,7,noisy,0.1,0.05773502691896259,qlog,1.54,1.7758601897140585,True,False,48,17.29839581837292,70.35920942954559,0.026832360999833327,barrido q-log; q por deviance de bins
1.5,2.0,2000,7,noisy,0.1,0.05773502691896259,cdf,1.5337482556757482,2.0390981399233614,True,False,48,17.29839581837292,3.931564564020549e-05,0.08294569999998203,CONVERGENCE: NORM OF PROJECTED GRADIENT <= PGTOL
1.5,2.0,2000,8,clean,0.1,0.05773502691896259,pdf,1.5221233934267289,2.1481900195798027,True,False,49,10.806329628737167,51.03540939250019,0.03315328300232068,CONVERGENCE: RELATIVE REDUCTION OF F <= FACTR*EPSMCH
1.5,2.0,2000,8,clean,0.1,0.05773502691896259,mle,1.5118398547327914,2.1091797681334947,True,False,49,10.806329628737167,2426.6597337509475,0.008691636001458392,CONVERGENCE: RELATIVE REDUCTION OF F <= FACTR*EPSMCH
1.5,2.0,2000,8,clean,0.1,0.05773502691896259,qlog,1.52,1.9221173566313534,True,False,49,10.806329628737167,56.58170513299549,0.04325127899937797,barrido q-log; q por deviance de bins
1.5,2.0,2000,8,clean,0.1,0.05773502691896259,cdf,1.449219245200454,1.8926518788372109,True,False,49,10.806329628737167,4.472935021970398e-05,0.07475400000112131,CONVERGENCE: NORM OF PROJECTED GRADIENT <= PGTOL
1.5,2.0,2000,8,noisy,0.1,0.05773502691896259,pdf,1.5143685024480302,2.0947634457974464,True,False,49,10.8742603154932,61.09494288391087,0.064866073000303,CONVERGENCE: RELATIVE REDUCTION OF F <= FACTR*EPSMCH
1.5,2.0,2000,8,noisy,0.1,0.05773502691896259,mle,1.506458384508111,2.068930513858957,True,False,49,10.8742603154932,2431.564970072399,0.009693227999377996,CONVERGENCE: RELATIVE REDUCTION OF F <= FACTR*EPSMCH
1.5,2.0,2000,8,noisy,0.1,0.05773502691896259,qlog,1.52,1.8924241377675513,True,False,49,10.8742603154932,67.26829822652967,0.027358987001207424,barrido q-log; q por deviance de bins
1.5,2.0,2000,8,noisy,0.1,0.05773502691896259,cdf,1.4274103314075723,1.807864793030144,True,False,49,10.8742603154932,4.245240284594422e-05,0.09396521199960262,CONVERGENCE: NORM OF PROJECTED GRADIENT <= PGTOL
1.5,2.0,2000,9,clean,0.1,0.05773502691896259,pdf,1.5368402286768494,2.233104576328154,True,False,49,13.851070957941948,40.622918094159616,0.056928422000055434,CONVERGENCE: RELATIVE REDUCTION OF F <= FACTR*EPSMCH
1.5,2.0,2000,9,clean,0.1,0.05773502691896259,mle,1.5341494453382685,2.2264442006330976,True,False,49,13.851070957941948,2433.162278314451,0.011760854999010917,CONVERGENCE: NORM OF PROJECTED GRADIENT <= PGTOL
1.5,2.0,2000,9,clean,0.1,0.05773502691896259,qlog,1.56,2.061780012767419,True,False,49,13.851070957941948,48.581527962608995,0.027651802000036696,barrido q-log; q por deviance de bins
1.5,2.0,2000,9,clean,0.1,0.05773502691896259,cdf,1.5225666467387233,2.173858102641758,True,False,49,13.851070957941948,1.0425068688026468e-05,0.05230158500125981,CONVERGENCE: NORM OF PROJECTED GRADIENT <= PGTOL
1.5,2.0,2000,9,noisy,0.1,0.05773502691896259,pdf,1.5436622573076746,2.241600511023469,True,False,49,13.8370869374762,35.75498403947539,0.04629701999874669,CONVERGENCE: RELATIVE REDUCTION OF F <= FACTR*EPSMCH
1.5,2.0,2000,9,noisy,0.1,0.05773502691896259,mle,1.535452356355561,2.216889438636105,True,False,49,13.8370869374762,2441.0568819324512,0.008083217002422316,CONVERGENCE: NORM OF PROJECTED GRADIENT <= PGTOL
1.5,2.0,2000,9,noisy,0.1,0.05773502691896259,qlog,1.56,2.034340780505438,True,False,49,13.8370869374762,43.80622804582581,0.05015381500197691,barrido q-log; q por deviance de bins
1.5,2.0,2000,9,noisy,0.1,0.05773502691896259,cdf,1.547041280713681,2.259432545446169,True,False,49,13.8370869374762,1.0076743029726442e-05,0.0491065720016195,CONVERGENCE: NORM OF PROJECTED GRADIENT <= PGTOL
1.5,5.0,2000,0,clean,0.1,0.03651483716701107,pdf,1.5133937230484489,5.041075292816993,True,False,48,20.449770806953392,32.62710235222214,0.04497231300047133,CONVERGENCE: RELATIVE REDUCTION OF F <= FACTR*EPSMCH
1.5,5.0,2000,0,clean,0.1,0.03651483716701107,mle,1.5086005963001128,4.980534918138962,True,False,48,20.449770806953392,1558.7648396472032,0.008600428001955152,CONVERGENCE: NORM OF PROJECTED GRADIENT <= PGTOL
1.5,5.0,2000,0,clean,0.1,0.03651483716701107,qlog,1.54,4.471160523556137,True,False,48,20.449770806953392,47.51184244384246,0.02891944699877058,barrido q-log; q por deviance de bins
1.5,5.0,2000,0,clean,0.1,0.03651483716701107,cdf,1.523920127116521,5.113416812215293,True,False,48,20.449770806953392,1.711292698918552e-05,0.106302501000755,CONVERGENCE: NORM OF PROJECTED GRADIENT <= PGTOL
1.5,5.0,2000,0,noisy,0.1,0.03651483716701107,pdf,1.5095925190053507,4.967365150783755,True,False,48,20.446655845872204,51.069466392217706,0.04752147800172679,CONVERGENCE: RELATIVE REDUCTION OF F <= FACTR*EPSMCH
1.5,5.0,2000,0,noisy,0.1,0.03651483716701107,mle,1.5090387954822486,4.958278717178001,True,False,48,20.446655845872204,1564.4124603478112,0.0097229460006929,CONVERGENCE: RELATIVE REDUCTION OF F <= FACTR*EPSMCH
1.5,5.0,2000,0,noisy,0.1,0.03651483716701107,qlog,1.54,4.420726544376766,True,False,48,20.446655845872204,66.87810428977441,0.025960229999327566,barrido q-log; q por deviance de bins
1.5,5.0,2000,0,noisy,0.1,0.03651483716701107,cdf,1.5259573740961003,5.107413884428437,True,False,48,20.446655845872204,2.3800107696747166e-05,0.11445176100096432,CONVERGENCE: NORM OF PROJECTED GRADIENT <= PGTOL
1.5,5.0,2000,1,clean,0.1,0.03651483716701107,pdf,1.534283709034072,5.899073712774101,True,False,49,9.168048047943802,45.92738658022868,0.04147046800062526,CONVERGENCE: RELATIVE REDUCTION OF F <= FACTR*EPSMCH
1.5,5.0,2000,1,clean,0.1,0.03651483716701107,mle,1.5260258035252923,5.7932297189473,True,False,49,9.168048047943802,1454.6065735666818,0.007744777001789771,CONVERGENCE: RELATIVE REDUCTION OF F <= FACTR*EPSMCH
1.5,5.0,2000,1,clean,0.1,0.03651483716701107,qlog,1.54,5.205085236040577,True,False,49,9.168048047943802,54.68521045353636,0.028002797000226565,barrido q-log; q por deviance de bins
1.5,5.0,2000,1,clean,0.1,0.03651483716701107,cdf,1.5566873854031487,6.105695673880325,True,False,49,9.168048047943802,0.0001426528181584006,0.12035970800206997,CONVERGENCE: NORM OF PROJECTED GRADIENT <= PGTOL
1.5,5.0,2000,1,noisy,0.1,0.03651483716701107,pdf,1.5302979551186167,5.776412633305388,True,False,49,9.18257350368529,38.98855094287855,0.05213234799884958,CONVERGENCE: RELATIVE REDUCTION OF F <= FACTR*EPSMCH
1.5,5.0,2000,1,noisy,0.1,0.03651483716701107,mle,1.5212655328556888,5.6810201048387965,True,False,49,9.18257350368529,1461.2231728566057,0.012509579999459675,CONVERGENCE: RELATIVE REDUCTION OF F <= FACTR*EPSMCH
1.5,5.0,2000,1,noisy,0.1,0.03651483716701107,qlog,1.54,5.186049313747591,True,False,49,9.18257350368529,46.69755282010455,0.028064300000551157,barrido q-log; q por deviance de bins
1.5,5.0,2000,1,noisy,0.1,0.03651483716701107,cdf,1.527497684369032,5.7178587300400325,True,False,49,9.18257350368529,0.00013856675109695637,0.11026271199807525,CONVERGENCE: NORM OF PROJECTED GRADIENT <= PGTOL
1.5,5.0,2000,2,clean,0.1,0.03651483716701107,pdf,1.548584911820385,5.491851542724155,True,False,48,27.457383691923972,35.514358663775695,0.04807389300185605,CONVERGENCE: RELATIVE REDUCTION OF F <= FACTR*EPSMCH
1.5,5.0,2000,2,clean,0.1,0.03651483716701107,mle,1.5406442106952143,5.41014326163261,True,False,48,27.457383691923972,1563.2674457517185,0.008705670999916038,CONVERGENCE: RELATIVE REDUCTION OF F <= FACTR*EPSMCH
1.5,5.0,2000,2,clean,0.1,0.03651483716701107,qlog,1.6,5.120753249973525,True,False,48,27.457383691923972,52.21555713170788,0.027032224999857135,barrido q-log; q por deviance de bins
1.5,5.0,2000,2,clean,0.1,0.03651483716701107,cdf,1.4861062918637584,4.890039866253396,True,False,48,27.457383691923972,3.598643655141673e-05,0.13128539100216585,CONVERGENCE: NORM OF PROJECTED GRADIENT <= PGTOL
1.5,5.0,2000,2,noisy,0.1,0.03651483716701107,pdf,1.5395423106985682,5.371508631354724,True,False,48,27.489435016677607,30.904593500623427,0.04972098600046593,CONVERGENCE: RELATIVE REDUCTION OF F <= FACTR*EPSMCH
1.5,5.0,2000,2,noisy,0.1,0.03651483716701107,mle,1.538269399778936,5.348108025228785,True,False,48,27.489435016677607,1568.21007521491,0.010099374998389976,CONVERGENCE: RELATIVE REDUCTION OF F <= FACTR*EPSMCH
1.5,5.0,2000,2,noisy,0.1,0.03651483716701107,qlog,1.58,4.849965893229678,True,False,48,27.489435016677607,48.1075542382214,0.02846418000262929,barrido q-log; q por deviance de bins
1.5,5.0,2000,2,noisy,0.1,0.03651483716701107,cdf,1.4897160482226213,4.88347354806476,True,False,48,27.489435016677607,4.090568899534863e-05,0.13724768400061294,CONVERGENCE: NORM OF PROJECTED GRADIENT <= PGTOL
1.5,5.0,2000,3,clean,0.1,0.03651483716701107,pdf,1.5329654318529498,5.513077681521054,True,False,47,15.857905087524772,38.62717370477551,0.03809046400056104,CONVERGENCE: RELATIVE REDUCTION OF F <= FACTR*EPSMCH
1.5,5.0,2000,3,clean,0.1,0.03651483716701107,mle,1.5273310955493626,5.468269776695593,True,False,47,15.857905087524772,1515.8971572646224,0.010249452003336046,CONVERGENCE: NORM OF PROJECTED GRADIENT <= PGTOL
1.5,5.0,2000,3,clean,0.1,0.03651483716701107,qlog,1.58,5.058565184850334,True,False,47,15.857905087524772,56.030383538098214,0.026453981998201925,barrido q-log; q por deviance de bins
1.5,5.0,2000,3,clean,0.1,0.03651483716701107,cdf,1.5533505768378504,5.719162628799254,True,False,47,15.857905087524772,8.934628123186506e-05,0.11857631399834645,CONVERGENCE: NORM OF PROJECTED GRADIENT <= PGTOL
1.5,5.0,2000,3,noisy,0.1,0.03651483716701107,pdf,1.5296956443097598,5.434988912112816,True,False,47,15.808900699758759,47.100218901046446,0.03478623000046355,CONVERGENCE: RELATIVE REDUCTION OF F <= FACTR*EPSMCH
1.5,5.0,2000,3,noisy,0.1,0.03651483716701107,mle,1.5229503777088822,5.383067240093577,True,False,47,15.808900699758759,1519.6675630321645,0.009023570997669594,CONVERGENCE: RELATIVE REDUCTION OF F <= FACTR*EPSMCH
1.5,5.0,2000,3,noisy,0.1,0.03651483716701107,qlog,1.58,5.087597501465411,True,False,47,15.808900699758759,62.769761645502236,0.027479509000841063,barrido q-log; q por deviance de bins
1.5,5.0,2000,3,noisy,0.1,0.03651483716701107,cdf,1.5426881946149633,5.560289541708836,True,False,47,15.808900699758759,8.845691646178067e-05,0.13006736299939803,CONVERGENCE: NORM OF PROJECTED GRADIENT <= PGTOL
1.5,5.0,2000,4,clean,0.1,0.03651483716701107,pdf,1.442356821603405,4.825300471436719,True,False,50,4.922244155475102,45.839269271338644,0.04032832499797223,CONVERGENCE: RELATIVE REDUCTION OF F <= FACTR*EPSMCH
1.5,5.0,2000,4,clean,0.1,0.03651483716701107,mle,1.4338327004349636,4.770009724975786,True,False,50,4.922244155475102,1411.6586144731918,0.009499365998635767,CONVERGENCE: RELATIVE REDUCTION OF F <= FACTR*EPSMCH
1.5,5.0,2000,4,clean,0.1,0.03651483716701107,qlog,1.44,4.384159537316871,True,False,50,4.922244155475102,50.26720126681097,0.027563083996938076,barrido q-log; q por deviance de bins
1.5,5.0,2000,4,clean,0.1,0.03651483716701107,cdf,1.4689883456426551,5.053702913760952,True,False,50,4.922244155475102,0.00019218280846419056,0.09655514499900164,CONVERGENCE: NORM OF PROJECTED GRADIENT <= PGTOL
1.5,5.0,2000,4,noisy,0.1,0.03651483716701107,pdf,1.4244277678266282,4.618612238113851,True,False,50,4.883459596301291,43.37838293538926,0.06422120299976086,CONVERGENCE: RELATIVE REDUCTION OF F <= FACTR*EPSMCH
1.5,5.0,2000,4,noisy,0.1,0.03651483716701107,mle,1.4287677834907202,4.666338970379238,True,False,50,4.883459596301291,1421.3696807541332,0.009856157998001436,CONVERGENCE: NORM OF PROJECTED GRADIENT <= PGTOL
1.5,5.0,2000,4,noisy,0.1,0.03651483716701107,qlog,1.42,4.274006437460921,True,False,50,4.883459596301291,46.00332010629451,0.02760378499806393,barrido q-log; q por deviance de bins
1.5,5.0,2000,4,noisy,0.1,0.03651483716701107,cdf,1.47269119105631,5.012034658130105,True,False,50,4.883459596301291,0.00020952627154112384,0.1267909750022227,CONVERGENCE: NORM OF PROJECTED GRADIENT <= PGTOL
1.5,5.0,2000,5,clean,0.1,0.03651483716701107,pdf,1.5028657190590844,5.113229056646984,True,False,48,9.366097031397583,62.91014393135654,0.03664504300104454,CONVERGENCE: RELATIVE REDUCTION OF F <= FACTR*EPSMCH
1.5,5.0,2000,5,clean,0.1,0.03651483716701107,mle,1.5037640720488983,5.11959737430145,True,False,48,9.366097031397583,1518.3672250375512,0.009533936998195713,CONVERGENCE: RELATIVE REDUCTION OF F <= FACTR*EPSMCH
1.5,5.0,2000,5,clean,0.1,0.03651483716701107,qlog,1.52,4.654340590354571,True,False,48,9.366097031397583,71.12466229363545,0.02717780500097433,barrido q-log; q por deviance de bins
1.5,5.0,2000,5,clean,0.1,0.03651483716701107,cdf,1.5289306330141526,5.3568504379493,True,False,48,9.366097031397583,5.0903361657533264e-05,0.11982968999654986,CONVERGENCE: NORM OF PROJECTED GRADIENT <= PGTOL
1.5,5.0,2000,5,noisy,0.1,0.03651483716701107,pdf,1.5105324394783188,5.168423808564273,True,False,48,9.29509158021853,57.54908502944645,0.035292458000185434,CONVERGENCE: RELATIVE REDUCTION OF F <= FACTR*EPSMCH
1.5,5.0,2000,5,noisy,0.1,0.03651483716701107,mle,1.506206789804367,5.133840691686753,True,False,48,9.29509158021853,1522.0734699475927,0.009111534996918635,CONVERGENCE: RELATIVE REDUCTION OF F <= FACTR*EPSMCH
1.5,5.0,2000,5,noisy,0.1,0.03651483716701107,qlog,1.52,4.67758791651323,True,False,48,9.29509158021853,64.40772192394552,0.029437755001708865,barrido q-log; q por deviance de bins
1.5,5.0,2000,5,noisy,0.1,0.03651483716701107,cdf,1.5405830698571388,5.468988190514344,True,False,48,9.29509158021853,5.2801761525409414e-05,0.13077126200005296,CONVERGENCE: NORM OF PROJECTED GRADIENT <= PGTOL
1.5,5.0,2000,6,clean,0.1,0.03651483716701107,pdf,1.5369494337907894,4.969884237765235,True,False,47,13.507144402813559,65.15119766340455,0.042959729998983676,CONVERGENCE: RELATIVE REDUCTION OF F <= FACTR*EPSMCH
1.5,5.0,2000,6,clean,0.1,0.03651483716701107,mle,1.5321128963875272,4.925506774168896,True,False,47,13.507144402813559,1633.5357058359666,0.012024408002616838,CONVERGENCE: RELATIVE REDUCTION OF F <= FACTR*EPSMCH
1.5,5.0,2000,6,clean,0.1,0.03651483716701107,qlog,1.56,4.324873123409846,True,False,47,13.507144402813559,81.5383899024807,0.04064258499784046,barrido q-log; q por deviance de bins
1.5,5.0,2000,6,clean,0.1,0.03651483716701107,cdf,1.5204548490800804,4.823133221156014,True,False,47,13.507144402813559,3.8373704751036575e-05,0.1196992750010395,CONVERGENCE: NORM OF PROJECTED GRADIENT <= PGTOL
1.5,5.0,2000,6,noisy,0.1,0.03651483716701107,pdf,1.5229080805092565,4.810472124822964,True,False,47,13.488461360643143,66.82633596531244,0.03245777800111682,CONVERGENCE: RELATIVE REDUCTION OF F <= FACTR*EPSMCH
1.5,5.0,2000,6,noisy,0.1,0.03651483716701107,mle,1.5294595604138588,4.869855928240121,True,False,47,13.488461360643143,1637.6176965027132,0.009265725999284768,CONVERGENCE: RELATIVE REDUCTION OF F <= FACTR*EPSMCH
1.5,5.0,2000,6,noisy,0.1,0.03651483716701107,qlog,1.56,4.3531382677445185,True,False,47,13.488461360643143,82.41326725781131,0.04207012100232532,barrido q-log; q por deviance de bins
1.5,5.0,2000,6,noisy,0.1,0.03651483716701107,cdf,1.506470594360215,4.672076351931285,True,False,47,13.488461360643143,5.467332047154741e-05,0.10841731899927254,CONVERGENCE: NORM OF PROJECTED GRADIENT <= PGTOL
1.5,5.0,2000,7,clean,0.1,0.03651483716701107,pdf,1.5291045605343316,5.124413167984186,True,False,50,8.810925388203305,48.677045830817676,0.03312531600022339,CONVERGENCE: RELATIVE REDUCTION OF F <= FACTR*EPSMCH
1.5,5.0,2000,7,clean,0.1,0.03651483716701107,mle,1.5336874301718204,5.1718796482656515,True,False,50,8.810925388203305,1589.0588720697356,0.009337446001154603,CONVERGENCE: RELATIVE REDUCTION OF F <= FACTR*EPSMCH
1.5,5.0,2000,7,clean,0.1,0.03651483716701107,qlog,1.54,4.695563770569734,True,False,50,8.810925388203305,54.42116725822477,0.04332302699913271,barrido q-log; q por deviance de bins
1.5,5.0,2000,7,clean,0.1,0.03651483716701107,cdf,1.5090014228006805,4.93803906142345,True,False,50,8.810925388203305,2.1185700339114116e-05,0.11693063100028667,CONVERGENCE: NORM OF PROJECTED GRADIENT <= PGTOL
1.5,5.0,2000,7,noisy,0.1,0.03651483716701107,pdf,1.5356190437322657,5.173026764430384,True,False,50,8.776330856160255,36.39980024573609,0.04021975900104735,CONVERGENCE: NORM OF PROJECTED GRADIENT <= PGTOL
1.5,5.0,2000,7,noisy,0.1,0.03651483716701107,mle,1.5322724105943382,5.147608428175364,True,False,50,8.776330856160255,1589.8689910197184,0.010618042000714922,CONVERGENCE: RELATIVE REDUCTION OF F <= FACTR*EPSMCH
1.5,5.0,2000,7,noisy,0.1,0.03651483716701107,qlog,1.54,4.577674698373193,True,False,50,8.776330856160255,44.47711206594269,0.043421993002993986,barrido q-log; q por deviance de bins
1.5,5.0,2000,7,noisy,0.1,0.03651483716701107,cdf,1.5139111995768062,4.970686806228358,True,False,50,8.776330856160255,9.089591556151102e-06,0.11688307000076747,CONVERGENCE: NORM OF PROJECTED GRADIENT <= PGTOL
1.5,5.0,2000,8,clean,0.1,0.03651483716701107,pdf,1.5092682065570322,4.865941711345475,True,False,50,5.023336787671255,57.40786055822117,0.03624692599987611,CONVERGENCE: RELATIVE REDUCTION OF F <= FACTR*EPSMCH
1.5,5.0,2000,8,clean,0.1,0.03651483716701107,mle,1.4877964694876027,4.6855655225972885,True,False,50,5.023336787671255,1565.0597254878162,0.010245801000564825,CONVERGENCE: RELATIVE REDUCTION OF F <= FACTR*EPSMCH
1.5,5.0,2000,8,clean,0.1,0.03651483716701107,qlog,1.52,4.386995214376706,True,False,50,5.023336787671255,64.94068526054987,0.04362900300111505,barrido q-log; q por deviance de bins
1.5,5.0,2000,8,clean,0.1,0.03651483716701107,cdf,1.4822232117219403,4.6277560052251125,True,False,50,5.023336787671255,1.543423944137389e-05,0.1106994100009615,CONVERGENCE: NORM OF PROJECTED GRADIENT <= PGTOL
1.5,5.0,2000,8,noisy,0.1,0.03651483716701107,pdf,1.4931067461630128,4.646676179705341,True,False,50,4.989467926574119,54.6381667275555,0.042498178998357616,CONVERGENCE: RELATIVE REDUCTION OF F <= FACTR*EPSMCH
1.5,5.0,2000,8,noisy,0.1,0.03651483716701107,mle,1.4777740297091386,4.537709715378796,True,False,50,4.989467926574119,1571.2551042215218,0.024250917998870136,CONVERGENCE: RELATIVE REDUCTION OF F <= FACTR*EPSMCH
1.5,5.0,2000,8,noisy,0.1,0.03651483716701107,qlog,1.5,4.16532130597299,True,False,50,4.989467926574119,62.095524913792474,0.027193198999157175,barrido q-log; q por deviance de bins
1.5,5.0,2000,8,noisy,0.1,0.03651483716701107,cdf,1.4426065412975166,4.259642687425032,True,False,50,4.989467926574119,1.386375840115502e-05,0.11761782599933213,CONVERGENCE: NORM OF PROJECTED GRADIENT <= PGTOL
1.5,5.0,2000,9,clean,0.1,0.03651483716701107,pdf,1.5412423588243565,5.799123619071961,True,False,49,11.177971876014302,45.850623734138715,0.06560307600011583,CONVERGENCE: RELATIVE REDUCTION OF F <= FACTR*EPSMCH
1.5,5.0,2000,9,clean,0.1,0.03651483716701107,mle,1.5471605394890182,5.848531539248508,True,False,49,11.177971876014302,1503.540183565174,0.007570887999463594,CONVERGENCE: RELATIVE REDUCTION OF F <= FACTR*EPSMCH
1.5,5.0,2000,9,clean,0.1,0.03651483716701107,qlog,1.56,5.140218161835793,True,False,49,11.177971876014302,57.800174876645684,0.02584482800011756,barrido q-log; q por deviance de bins
1.5,5.0,2000,9,clean,0.1,0.03651483716701107,cdf,1.4911868181035584,5.287082177707306,True,False,49,11.177971876014302,2.6804523967534318e-05,0.11400776699883863,CONVERGENCE: NORM OF PROJECTED GRADIENT <= PGTOL
1.5,5.0,2000,9,noisy,0.1,0.03651483716701107,pdf,1.5415533999504074,5.774442826433263,True,False,49,11.178084116691993,50.13690482516366,0.053429950999998255,CONVERGENCE: RELATIVE REDUCTION OF F <= FACTR*EPSMCH
1.5,5.0,2000,9,noisy,0.1,0.03651483716701107,mle,1.5473933020810244,5.822771482455025,True,False,49,11.178084116691993,1508.6069879332092,0.007523604999732925,CONVERGENCE: RELATIVE REDUCTION OF F <= FACTR*EPSMCH
1.5,5.0,2000,9,noisy,0.1,0.03651483716701107,qlog,1.56,5.096472039606192,True,False,49,11.178084116691993,62.6092757059011,0.02635025600102381,barrido q-log; q por deviance de bins
1.5,5.0,2000,9,noisy,0.1,0.03651483716701107,cdf,1.4975565196318887,5.319844311226952,True,False,49,11.178084116691993,1.680690872637887e-05,0.11555822100126534,CONVERGENCE: NORM OF PROJECTED GRADIENT <= PGTOL
1.9,2.0,2000,0,clean,0.1,0.06741998624632421,pdf,1.9057537152554591,2.0585325151760476,True,False,48,2021.6261109759387,42.596830884318315,0.0495537280003191,CONVERGENCE: RELATIVE REDUCTION OF F <= FACTR*EPSMCH
1.9,2.0,2000,0,clean,0.1,0.06741998624632421,mle,1.9127647009350586,2.093903786880355,True,False,48,2021.6261109759387,3871.880207472962,0.007120563997887075,CONVERGENCE: RELATIVE REDUCTION OF F <= FACTR*EPSMCH
1.9,2.0,2000,0,clean,0.1,0.06741998624632421,qlog,1.98,1.624476730408935,True,False,48,2021.6261109759387,105.89999092745252,0.018418266001390293,barrido q-log; q por deviance de bins
1.9,2.0,2000,0,clean,0.1,0.06741998624632421,cdf,1.8969344463168132,2.0058299390895318,True,False,48,2021.6261109759387,1.7129643255198918e-05,0.04472171799716307,CONVERGENCE: NORM OF PROJECTED GRADIENT <= PGTOL
1.9,2.0,2000,0,noisy,0.1,0.06741998624632421,pdf,1.9059550024093825,2.0556222861959803,True,False,48,2021.635475135865,41.4834230634812,0.03472910100026638,CONVERGENCE: RELATIVE REDUCTION OF F <= FACTR*EPSMCH
1.9,2.0,2000,0,noisy,0.1,0.06741998624632421,mle,1.912198378449631,2.0892509801003505,True,False,48,2021.635475135865,3871.39148665605,0.006717832002323121,CONVERGENCE: RELATIVE REDUCTION OF F <= FACTR*EPSMCH
1.9,2.0,2000,0,noisy,0.1,0.06741998624632421,qlog,1.98,1.6800030221889757,True,False,48,2021.635475135865,96.73485749445325,0.019609910999861313,barrido q-log; q por deviance de bins
1.9,2.0,2000,0,noisy,0.1,0.06741998624632421,cdf,1.8960033661703013,1.9992715848684022,True,False,48,2021.635475135865,1.8565677031204705e-05,0.06144598400351242,CONVERGENCE: NORM OF PROJECTED GRADIENT <= PGTOL
1.9,2.0,2000,1,clean,0.1,0.06741998624632421,pdf,1.893904630071483,1.7549818615690709,True,False,49,212.0203445936771,40.561264589169774,0.02884753399848705,CONVERGENCE: RELATIVE REDUCTION OF F <= FACTR*EPSMCH
1.9,2.0,2000,1,clean,0.1,0.06741998624632421,mle,1.8884194745681362,1.734969662618954,True,False,49,212.0203445936771,3945.5525431171145,0.006781764001061674,CONVERGENCE: RELATIVE REDUCTION OF F <= FACTR*EPSMCH
1.9,2.0,2000,1,clean,0.1,0.06741998624632421,qlog,1.92,1.4986955241401934,True,False,49,212.0203445936771,56.532637822319344,0.023145336999732535,barrido q-log; q por deviance de bins
1.9,2.0,2000,1,clean,0.1,0.06741998624632421,cdf,1.9021130837757134,1.800057200425589,True,False,49,212.0203445936771,1.603214647621202e-05,0.07478683299996192,CONVERGENCE: NORM OF PROJECTED GRADIENT <= PGTOL
1.9,2.0,2000,1,noisy,0.1,0.06741998624632421,pdf,1.890029731952921,1.7314608781723742,True,False,49,212.09956502118982,26.561767925607445,0.06274406700322288,CONVERGENCE: RELATIVE REDUCTION OF F <= FACTR*EPSMCH
1.9,2.0,2000,1,noisy,0.1,0.06741998624632421,mle,1.8881343817966865,1.7291746235009064,True,False,49,212.09956502118982,3947.5860484187633,0.006778678001865046,CONVERGENCE: RELATIVE REDUCTION OF F <= FACTR*EPSMCH
1.9,2.0,2000,1,noisy,0.1,0.06741998624632421,qlog,1.9,1.4436482916620024,True,False,49,212.09956502118982,39.26494685387089,0.02653747200020007,barrido q-log; q por deviance de bins
1.9,2.0,2000,1,noisy,0.1,0.06741998624632421,cdf,1.9023729971165713,1.7970828929837142,True,False,49,212.09956502118982,1.0952958489288218e-05,0.07842284700018354,CONVERGENCE: NORM OF PROJECTED GRADIENT <= PGTOL
1.9,2.0,2000,2,clean,0.1,0.06741998624632421,pdf,1.9109474656778536,1.896246917739281,True,False,50,568.8593625755236,54.594878993216355,0.03434937600104604,CONVERGENCE: NORM OF PROJECTED GRADIENT <= PGTOL
1.9,2.0,2000,2,clean,0.1,0.06741998624632421,mle,1.9104785875889194,1.899051654361355,True,False,50,568.8593625755236,3958.6183912684255,0.007453558999259258,CONVERGENCE: RELATIVE REDUCTION OF F <= FACTR*EPSMCH
1.9,2.0,2000,2,clean,0.1,0.06741998624632421,qlog,1.94,1.45274065905168,True,False,50,568.8593625755236,89.35125966513193,0.03643908899903181,barrido q-log; q por deviance de bins
1.9,2.0,2000,2,clean,0.1,0.06741998624632421,cdf,1.9064928723671934,1.876692595205499,True,False,50,568.8593625755236,2.5443039329682533e-05,0.062032639998506056,CONVERGENCE: NORM OF PROJECTED GRADIENT <= PGTOL
1.9,2.0,2000,2,noisy,0.1,0.06741998624632421,pdf,1.9090450343938188,1.8798147103938123,True,False,49,568.9100589885035,51.55686888283539,0.05155954000292695,CONVERGENCE: RELATIVE REDUCTION OF F <= FACTR*EPSMCH
1.9,2.0,2000,2,noisy,0.1,0.06741998624632421,mle,1.9084496467980196,1.8793938612619587,True,False,49,568.9100589885035,3959.3513286478783,0.006624674999329727,CONVERGENCE: RELATIVE REDUCTION OF F <= FACTR*EPSMCH
1.9,2.0,2000,2,noisy,0.1,0.06741998624632421,qlog,1.94,1.4676835889945203,True,False,49,568.9100589885035,83.98831509146969,0.018688647000089986,barrido q-log; q por deviance de bins
1.9,2.0,2000,2,noisy,0.1,0.06741998624632421,cdf,1.8998812440439257,1.8338849511930984,True,False,49,568.9100589885035,3.3389824507526e-05,0.06918032599787693,CONVERGENCE: NORM OF PROJECTED GRADIENT <= PGTOL
1.9,2.0,2000,3,clean,0.1,0.06741998624632421,pdf,1.8940785931457764,1.785841900144722,True,False,50,97.76229318106297,35.831985361918555,0.031698178998340154,CONVERGENCE: RELATIVE REDUCTION OF F <= FACTR*EPSMCH
1.9,2.0,2000,3,clean,0.1,0.06741998624632421,mle,1.8809976756548088,1.7429630076843812,True,False,50,97.76229318106297,3906.993064629743,0.006819254998845281,CONVERGENCE: RELATIVE REDUCTION OF F <= FACTR*EPSMCH
1.9,2.0,2000,3,clean,0.1,0.06741998624632421,qlog,1.9,1.450590503517333,True,False,50,97.76229318106297,50.150206712555566,0.023001577999821166,barrido q-log; q por deviance de bins
1.9,2.0,2000,3,clean,0.1,0.06741998624632421,cdf,1.910276151249745,1.8885287658362766,True,False,50,97.76229318106297,2.2151154123687122e-05,0.08190156900309375,CONVERGENCE: NORM OF PROJECTED GRADIENT <= PGTOL
1.9,2.0,2000,3,noisy,0.1,0.06741998624632421,pdf,1.894317873789186,1.7755919248198855,True,False,50,97.67441657842616,51.865653803724655,0.044603411999560194,CONVERGENCE: RELATIVE REDUCTION OF F <= FACTR*EPSMCH
1.9,2.0,2000,3,noisy,0.1,0.06741998624632421,mle,1.879756215883399,1.7266683005002983,True,False,50,97.67441657842616,3910.7451096783643,0.006468406001658877,CONVERGENCE: RELATIVE REDUCTION OF F <= FACTR*EPSMCH
1.9,2.0,2000,3,noisy,0.1,0.06741998624632421,qlog,1.9,1.3999401795333903,True,False,50,97.67441657842616,70.10738604757798,0.022026898001058726,barrido q-log; q por deviance de bins
1.9,2.0,2000,3,noisy,0.1,0.06741998624632421,cdf,1.9072182639996746,1.8609087795602408,True,False,50,97.67441657842616,2.3998952299639874e-05,0.07871559200066258,CONVERGENCE: NORM OF PROJECTED GRADIENT <= PGTOL
1.9,2.0,2000,4,clean,0.1,0.06741998624632421,pdf,1.9182457259274064,2.1035015239127652,True,False,49,354.429637899086,52.799213708219455,0.03330158100288827,CONVERGENCE: RELATIVE REDUCTION OF F <= FACTR*EPSMCH
1.9,2.0,2000,4,clean,0.1,0.06741998624632421,mle,1.9134330653678866,2.0780137951457474,True,False,49,354.429637899086,3882.7034194588914,0.008191570999770192,CONVERGENCE: RELATIVE REDUCTION OF F <= FACTR*EPSMCH
1.9,2.0,2000,4,clean,0.1,0.06741998624632421,qlog,1.96,1.654318920063239,True,False,49,354.429637899086,90.35815310153932,0.021404579001682578,barrido q-log; q por deviance de bins
1.9,2.0,2000,4,clean,0.1,0.06741998624632421,cdf,1.9040735379032734,2.012222462032128,True,False,49,354.429637899086,0.00019808234308474608,0.06061880199922598,CONVERGENCE: NORM OF PROJECTED GRADIENT <= PGTOL
1.9,2.0,2000,4,noisy,0.1,0.06741998624632421,pdf,1.9169617212949757,2.0960629113630374,True,False,49,354.49232446847253,38.10566760663944,0.035403281999606406,CONVERGENCE: RELATIVE REDUCTION OF F <= FACTR*EPSMCH
1.9,2.0,2000,4,noisy,0.1,0.06741998624632421,mle,1.9123039423454227,2.069482080521116,True,False,49,354.49232446847253,3881.4043620933517,0.024157354000635678,CONVERGENCE: RELATIVE REDUCTION OF F <= FACTR*EPSMCH
1.9,2.0,2000,4,noisy,0.1,0.06741998624632421,qlog,1.96,1.7227438848875063,True,False,49,354.49232446847253,68.58175656792585,0.019933104002120672,barrido q-log; q por deviance de bins
1.9,2.0,2000,4,noisy,0.1,0.06741998624632421,cdf,1.901083706545242,1.9955926624732385,True,False,49,354.49232446847253,0.00019292091652028853,0.05252438099705614,CONVERGENCE: NORM OF PROJECTED GRADIENT <= PGTOL
1.9,2.0,2000,5,clean,0.1,0.06741998624632421,pdf,1.9188333823923511,2.0809465222939307,True,False,50,206.72548885220132,47.48535694360807,0.04649506600253517,CONVERGENCE: RELATIVE REDUCTION OF F <= FACTR*EPSMCH
1.9,2.0,2000,5,clean,0.1,0.06741998624632421,mle,1.9090820495405563,2.0198948317745136,True,False,50,206.72548885220132,3890.267004091155,0.007454352002241649,CONVERGENCE: RELATIVE REDUCTION OF F <= FACTR*EPSMCH
1.9,2.0,2000,5,clean,0.1,0.06741998624632421,qlog,1.94,1.643994856685864,True,False,50,206.72548885220132,72.0182613831517,0.022113172002718784,barrido q-log; q por deviance de bins
1.9,2.0,2000,5,clean,0.1,0.06741998624632421,cdf,1.8988887910883439,1.955672949531956,True,False,50,206.72548885220132,0.00010681721486830401,0.07151108300240594,CONVERGENCE: NORM OF PROJECTED GRADIENT <= PGTOL
1.9,2.0,2000,5,noisy,0.1,0.06741998624632421,pdf,1.9137286643995033,2.015402058797643,True,False,50,206.61785628001834,39.74739331992703,0.030334064998896793,CONVERGENCE: RELATIVE REDUCTION OF F <= FACTR*EPSMCH
1.9,2.0,2000,5,noisy,0.1,0.06741998624632421,mle,1.906239685216451,1.9780608042458814,True,False,50,206.61785628001834,3897.685728859164,0.008184130001609446,CONVERGENCE: RELATIVE REDUCTION OF F <= FACTR*EPSMCH
1.9,2.0,2000,5,noisy,0.1,0.06741998624632421,qlog,1.92,1.6030609343617952,True,False,50,206.61785628001834,56.83003323831807,0.02344852600072045,barrido q-log; q por deviance de bins
1.9,2.0,2000,5,noisy,0.1,0.06741998624632421,cdf,1.893215907193342,1.901111619050143,True,False,50,206.61785628001834,0.00010263989681880115,0.06988114699925063,CONVERGENCE: NORM OF PROJECTED GRADIENT <= PGTOL
1.9,2.0,2000,6,clean,0.1,0.06741998624632421,pdf,1.900211293194183,2.086188029613136,True,False,50,102.81494338821759,51.989245651741754,0.04887326300013228,CONVERGENCE: RELATIVE REDUCTION OF F <= FACTR*EPSMCH
1.9,2.0,2000,6,clean,0.1,0.06741998624632421,mle,1.8808285742113529,1.9726309560789244,True,False,50,102.81494338821759,3782.442740248965,0.008971668001322541,CONVERGENCE: NORM OF PROJECTED GRADIENT <= PGTOL
1.9,2.0,2000,6,clean,0.1,0.06741998624632421,qlog,1.92,1.6660913263745698,True,False,50,102.81494338821759,74.43055477543997,0.023011061999568483,barrido q-log; q por deviance de bins
1.9,2.0,2000,6,clean,0.1,0.06741998624632421,cdf,1.873979897805711,1.9363379472907252,True,False,50,102.81494338821759,1.779149421442859e-05,0.041889308999088826,CONVERGENCE: NORM OF PROJECTED GRADIENT <= PGTOL
1.9,2.0,2000,6,noisy,0.1,0.06741998624632421,pdf,1.8956454890863208,2.019372205913257,True,False,50,102.72410620478476,46.659238346729516,0.04805037400001311,CONVERGENCE: RELATIVE REDUCTION OF F <= FACTR*EPSMCH
1.9,2.0,2000,6,noisy,0.1,0.06741998624632421,mle,1.8766826424771448,1.9240711920601743,True,False,50,102.72410620478476,3788.578961064365,0.00774488599927281,CONVERGENCE: RELATIVE REDUCTION OF F <= FACTR*EPSMCH
1.9,2.0,2000,6,noisy,0.1,0.06741998624632421,qlog,1.92,1.6668700504024203,True,False,50,102.72410620478476,66.35125987020098,0.021678635002899682,barrido q-log; q por deviance de bins
1.9,2.0,2000,6,noisy,0.1,0.06741998624632421,cdf,1.8656460474064418,1.8685668970921696,True,False,50,102.72410620478476,1.6998472280199146e-05,0.08563637699990068,CONVERGENCE: NORM OF PROJECTED GRADIENT <= PGTOL
1.9,2.0,2000,7,clean,0.1,0.06741998624632421,pdf,1.9132414425465651,2.0694899813929584,True,False,50,333.88139244678564,45.362439530209095,0.036717143000714714,CONVERGENCE: RELATIVE REDUCTION OF F <= FACTR*EPSMCH
1.9,2.0,2000,7,clean,0.1,0.06741998624632421,mle,1.9094031246461365,2.0528323419843595,True,False,50,333.88139244678564,3875.6216631350007,0.024244448999525048,CONVERGENCE: RELATIVE REDUCTION OF F <= FACTR*EPSMCH
1.9,2.0,2000,7,clean,0.1,0.06741998624632421,qlog,1.94,1.5910047751195557,True,False,50,333.88139244678564,77.9468908489606,0.019476115998259047,barrido q-log; q por deviance de bins
1.9,2.0,2000,7,clean,0.1,0.06741998624632421,cdf,1.9007324128895209,2.0036027813391057,True,False,50,333.88139244678564,8.260825505378775e-05,0.04274220400111517,CONVERGENCE: NORM OF PROJECTED GRADIENT <= PGTOL
1.9,2.0,2000,7,noisy,0.1,0.06741998624632421,pdf,1.907398872985647,1.998503710185362,True,False,50,333.8744264445465,46.4172354248787,0.05056624099961482,CONVERGENCE: RELATIVE REDUCTION OF F <= FACTR*EPSMCH
1.9,2.0,2000,7,noisy,0.1,0.06741998624632421,mle,1.9051255651880283,2.0015029971850637,True,False,50,333.8744264445465,3880.62660138597,0.007009369997831527,CONVERGENCE: RELATIVE REDUCTION OF F <= FACTR*EPSMCH
1.9,2.0,2000,7,noisy,0.1,0.06741998624632421,qlog,1.94,1.5869945256814826,True,False,50,333.8744264445465,76.79652082367924,0.019536818999768002,barrido q-log; q por deviance de bins
1.9,2.0,2000,7,noisy,0.1,0.06741998624632421,cdf,1.8874017481295804,1.9062265336069097,True,False,50,333.8744264445465,8.615115900426929e-05,0.07467542000085814,CONVERGENCE: NORM OF PROJECTED GRADIENT <= PGTOL
1.9,2.0,2000,8,clean,0.1,0.06741998624632421,pdf,1.9298467667377708,2.2407059059384498,True,False,49,204.8302432342333,57.38599042371127,0.03243784300138941,CONVERGENCE: RELATIVE REDUCTION OF F <= FACTR*EPSMCH
1.9,2.0,2000,8,clean,0.1,0.06741998624632421,mle,1.9173831641629702,2.195134088478503,True,False,49,204.8302432342333,3846.8916639011577,0.006740775999787729,CONVERGENCE: RELATIVE REDUCTION OF F <= FACTR*EPSMCH
1.9,2.0,2000,8,clean,0.1,0.06741998624632421,qlog,1.94,1.6259027291742678,True,False,49,204.8302432342333,90.71652105219802,0.024408427001617383,barrido q-log; q por deviance de bins
1.9,2.0,2000,8,clean,0.1,0.06741998624632421,cdf,1.9261842251668815,2.246825921820219,True,False,49,204.8302432342333,4.158062170043028e-05,0.07143654600076843,CONVERGENCE: NORM OF PROJECTED GRADIENT <= PGTOL
1.9,2.0,2000,8,noisy,0.1,0.06741998624632421,pdf,1.9269246377002056,2.2046641529662536,True,False,49,204.95046343159834,50.33102932995514,0.06242419499903917,CONVERGENCE: RELATIVE REDUCTION OF F <= FACTR*EPSMCH
1.9,2.0,2000,8,noisy,0.1,0.06741998624632421,mle,1.9141847866027037,2.141893768647866,True,False,49,204.95046343159834,3856.03524881055,0.006894343001476955,CONVERGENCE: RELATIVE REDUCTION OF F <= FACTR*EPSMCH
1.9,2.0,2000,8,noisy,0.1,0.06741998624632421,qlog,1.94,1.672410977829938,True,False,49,204.95046343159834,77.270585932173,0.02206832400042913,barrido q-log; q por deviance de bins
1.9,2.0,2000,8,noisy,0.1,0.06741998624632421,cdf,1.9209233944757005,2.1787167119706043,True,False,49,204.95046343159834,4.9200475462756565e-05,0.07940937300008954,CONVERGENCE: NORM OF PROJECTED GRADIENT <= PGTOL
1.9,2.0,2000,9,clean,0.1,0.06741998624632421,pdf,1.8936443240831946,1.9453680384670675,True,False,50,207.6603615063409,42.89764711155533,0.035178213998733554,CONVERGENCE: RELATIVE REDUCTION OF F <= FACTR*EPSMCH
1.9,2.0,2000,9,clean,0.1,0.06741998624632421,mle,1.8842875029608948,1.8975484660630173,True,False,50,207.6603615063409,3837.020734916451,0.007946734000142897,CONVERGENCE: RELATIVE REDUCTION OF F <= FACTR*EPSMCH
1.9,2.0,2000,9,clean,0.1,0.06741998624632421,qlog,1.92,1.581441127282564,True,False,50,207.6603615063409,66.01379493718144,0.02148862200192525,barrido q-log; q por deviance de bins
1.9,2.0,2000,9,clean,0.1,0.06741998624632421,cdf,1.8934596490033135,1.9451412085376107,True,False,50,207.6603615063409,1.5769368659155687e-05,0.0506386230008502,CONVERGENCE: NORM OF PROJECTED GRADIENT <= PGTOL
1.9,2.0,2000,9,noisy,0.1,0.06741998624632421,pdf,1.8879277385672744,1.877570396821453,True,False,50,207.7336182560304,55.72866596438426,0.028566934997797944,CONVERGENCE: RELATIVE REDUCTION OF F <= FACTR*EPSMCH
1.9,2.0,2000,9,noisy,0.1,0.06741998624632421,mle,1.8797464876179513,1.8513577160595007,True,False,50,207.7336182560304,3840.9756339146156,0.008208770002966048,CONVERGENCE: RELATIVE REDUCTION OF F <= FACTR*EPSMCH
1.9,2.0,2000,9,noisy,0.1,0.06741998624632421,qlog,1.9,1.4021195692196176,True,False,50,207.7336182560304,86.35171982791427,0.039358007998089306,barrido q-log; q por deviance de bins
1.9,2.0,2000,9,noisy,0.1,0.06741998624632421,cdf,1.8834904949261415,1.8687160710802053,True,False,50,207.7336182560304,2.4088853956436513e-05,0.060282472000835696,CONVERGENCE: NORM OF PROJECTED GRADIENT <= PGTOL
1.9,5.0,2000,0,clean,0.1,0.04264014327112209,pdf,1.8975288072499645,5.24352299103072,True,False,49,191.13499323411244,50.585467822190125,0.050666694001847645,CONVERGENCE: RELATIVE REDUCTION OF F <= FACTR*EPSMCH
1.9,5.0,2000,0,clean,0.1,0.04264014327112209,mle,1.889252177101242,5.097149261631944,True,False,49,191.13499323411244,2871.697359361591,0.00908298599824775,CONVERGENCE: RELATIVE REDUCTION OF F <= FACTR*EPSMCH
1.9,5.0,2000,0,clean,0.1,0.04264014327112209,qlog,1.92,4.02000251471149,True,False,49,191.13499323411244,81.73290252621625,0.022072833999118302,barrido q-log; q por deviance de bins
1.9,5.0,2000,0,clean,0.1,0.04264014327112209,cdf,1.8827551606102269,5.0031249668915905,True,False,49,191.13499323411244,9.804262948293876e-05,0.09750800099936896,CONVERGENCE: NORM OF PROJECTED GRADIENT <= PGTOL
1.9,5.0,2000,0,noisy,0.1,0.04264014327112209,pdf,1.8920394624614705,5.078236097650334,True,False,49,191.09865720913112,42.84608577450853,0.05656498700045631,CONVERGENCE: RELATIVE REDUCTION OF F <= FACTR*EPSMCH
1.9,5.0,2000,0,noisy,0.1,0.04264014327112209,mle,1.8863956212177915,5.002295925783059,True,False,49,191.09865720913112,2877.343418743488,0.01017983600104344,CONVERGENCE: RELATIVE REDUCTION OF F <= FACTR*EPSMCH
1.9,5.0,2000,0,noisy,0.1,0.04264014327112209,qlog,1.92,4.123217012870064,True,False,49,191.09865720913112,67.20947486258446,0.022797606001404347,barrido q-log; q por deviance de bins
1.9,5.0,2000,0,noisy,0.1,0.04264014327112209,cdf,1.874884641059596,4.847000662186014,True,False,49,191.09865720913112,8.564787811052321e-05,0.08490507599708508,CONVERGENCE: NORM OF PROJECTED GRADIENT <= PGTOL
1.9,5.0,2000,1,clean,0.1,0.04264014327112209,pdf,1.8940329707071764,4.886901397666136,True,False,50,96.95283333881073,65.63593277058435,0.037818764001713134,CONVERGENCE: RELATIVE REDUCTION OF F <= FACTR*EPSMCH
1.9,5.0,2000,1,clean,0.1,0.04264014327112209,mle,1.8812982296066507,4.697507699076059,True,False,50,96.95283333881073,2916.9152835750765,0.008823397001833655,CONVERGENCE: RELATIVE REDUCTION OF F <= FACTR*EPSMCH
1.9,5.0,2000,1,clean,0.1,0.04264014327112209,qlog,1.9,3.690832250649914,True,False,50,96.95283333881073,90.49638151762635,0.04235666399836191,barrido q-log; q por deviance de bins
1.9,5.0,2000,1,clean,0.1,0.04264014327112209,cdf,1.9192928927161637,5.203174847075471,True,False,50,96.95283333881073,9.253752119763273e-05,0.08646817300177645,CONVERGENCE: NORM OF PROJECTED GRADIENT <= PGTOL
1.9,5.0,2000,1,noisy,0.1,0.04264014327112209,pdf,1.8875076009920158,4.723205765981772,True,False,50,96.92026155188555,53.135481950181024,0.04065249600171228,CONVERGENCE: RELATIVE REDUCTION OF F <= FACTR*EPSMCH
1.9,5.0,2000,1,noisy,0.1,0.04264014327112209,mle,1.8783247930266311,4.62621195360386,True,False,50,96.92026155188555,2918.7106716937183,0.009434837000299012,CONVERGENCE: NORM OF PROJECTED GRADIENT <= PGTOL
1.9,5.0,2000,1,noisy,0.1,0.04264014327112209,qlog,1.9,3.6772455103403314,True,False,50,96.92026155188555,76.3756032122459,0.024016989998926874,barrido q-log; q por deviance de bins
1.9,5.0,2000,1,noisy,0.1,0.04264014327112209,cdf,1.910400253000467,5.041740044340668,True,False,50,96.92026155188555,6.761345616112486e-05,0.09260997800083715,CONVERGENCE: NORM OF PROJECTED GRADIENT <= PGTOL
1.9,5.0,2000,2,clean,0.1,0.04264014327112209,pdf,1.8623652520109117,4.4243661697039025,True,False,50,153.91084430296138,51.65687747614809,0.060470107000583084,CONVERGENCE: RELATIVE REDUCTION OF F <= FACTR*EPSMCH
1.9,5.0,2000,2,clean,0.1,0.04264014327112209,mle,1.8588592553974366,4.388967132578814,True,False,50,153.91084430296138,2884.577570312029,0.008855953001329908,CONVERGENCE: RELATIVE REDUCTION OF F <= FACTR*EPSMCH
1.9,5.0,2000,2,clean,0.1,0.04264014327112209,qlog,1.88,3.3780698706022867,True,False,50,153.91084430296138,81.90870745452169,0.02607324899872765,barrido q-log; q por deviance de bins
1.9,5.0,2000,2,clean,0.1,0.04264014327112209,cdf,1.863717611724424,4.441798750221369,True,False,50,153.91084430296138,1.6596968987853896e-05,0.08417046900285641,CONVERGENCE: NORM OF PROJECTED GRADIENT <= PGTOL
1.9,5.0,2000,2,noisy,0.1,0.04264014327112209,pdf,1.857870661638002,4.3009733881045475,True,False,50,153.9535669283131,46.46445259671329,0.05388897699958761,CONVERGENCE: RELATIVE REDUCTION OF F <= FACTR*EPSMCH
1.9,5.0,2000,2,noisy,0.1,0.04264014327112209,mle,1.8539470776266942,4.252573806281144,True,False,50,153.9535669283131,2894.674556038274,0.00910805500097922,CONVERGENCE: RELATIVE REDUCTION OF F <= FACTR*EPSMCH
1.9,5.0,2000,2,noisy,0.1,0.04264014327112209,qlog,1.88,3.399949950641516,True,False,50,153.9535669283131,72.97448109866737,0.02165053100179648,barrido q-log; q por deviance de bins
1.9,5.0,2000,2,noisy,0.1,0.04264014327112209,cdf,1.8508631111892349,4.217403687833353,True,False,50,153.9535669283131,1.2940229566907908e-05,0.09006107299865107,CONVERGENCE: NORM OF PROJECTED GRADIENT <= PGTOL
1.9,5.0,2000,3,clean,0.1,0.04264014327112209,pdf,1.920740627885692,5.059188102958302,True,False,48,9694.30690817219,55.49762446739197,0.03291953799998737,CONVERGENCE: RELATIVE REDUCTION OF F <= FACTR*EPSMCH
1.9,5.0,2000,3,clean,0.1,0.04264014327112209,mle,1.917042094770894,5.010863184117996,True,False,48,9694.30690817219,3019.879596748302,0.008665553999890108,CONVERGENCE: RELATIVE REDUCTION OF F <= FACTR*EPSMCH
1.9,5.0,2000,3,clean,0.1,0.04264014327112209,qlog,2.06,3.5077638075320454,True,False,48,9694.30690817219,238.5882309314636,0.03389548400082276,barrido q-log; q por deviance de bins
1.9,5.0,2000,3,clean,0.1,0.04264014327112209,cdf,1.9067179297736752,4.862652899496136,True,False,48,9694.30690817219,2.6104386425272504e-05,0.09815741300189984,CONVERGENCE: NORM OF PROJECTED GRADIENT <= PGTOL
1.9,5.0,2000,3,noisy,0.1,0.04264014327112209,pdf,1.9191435060721012,5.0104093002872965,True,False,47,9694.28671999479,57.623044956273425,0.032092597997689154,CONVERGENCE: RELATIVE REDUCTION OF F <= FACTR*EPSMCH
1.9,5.0,2000,3,noisy,0.1,0.04264014327112209,mle,1.9173789098533005,5.003159305872437,True,False,47,9694.28671999479,3023.0447705035403,0.008851689999573864,CONVERGENCE: RELATIVE REDUCTION OF F <= FACTR*EPSMCH
1.9,5.0,2000,3,noisy,0.1,0.04264014327112209,qlog,2.06,3.4813507051928587,True,False,47,9694.28671999479,242.36290982948285,0.01678108100168174,barrido q-log; q por deviance de bins
1.9,5.0,2000,3,noisy,0.1,0.04264014327112209,cdf,1.9118709625227044,4.9233549068741915,True,False,47,9694.28671999479,2.4522300229096934e-05,0.09107500100071775,CONVERGENCE: NORM OF PROJECTED GRADIENT <= PGTOL
1.9,5.0,2000,4,clean,0.1,0.04264014327112209,pdf,1.842081507672736,4.192086516202268,True,False,49,167.3874856103758,53.1352700014527,0.06304473899945151,CONVERGENCE: RELATIVE REDUCTION OF F <= FACTR*EPSMCH
1.9,5.0,2000,4,clean,0.1,0.04264014327112209,mle,1.8387144345610489,4.168347824460272,True,False,49,167.3874856103758,2849.1495023288753,0.0086894209998718,CONVERGENCE: RELATIVE REDUCTION OF F <= FACTR*EPSMCH
1.9,5.0,2000,4,clean,0.1,0.04264014327112209,qlog,1.9,3.4856275789072035,True,False,49,167.3874856103758,92.24094236848242,0.021024978999776067,barrido q-log; q por deviance de bins
1.9,5.0,2000,4,clean,0.1,0.04264014327112209,cdf,1.8333298448603124,4.101682371806349,True,False,49,167.3874856103758,7.922862197741046e-05,0.09238699300112785,CONVERGENCE: NORM OF PROJECTED GRADIENT <= PGTOL
1.9,5.0,2000,4,noisy,0.1,0.04264014327112209,pdf,1.8382504878849715,4.063489063279481,True,False,48,167.3525333043807,52.3320223460535,0.03562708100071177,CONVERGENCE: RELATIVE REDUCTION OF F <= FACTR*EPSMCH
1.9,5.0,2000,4,noisy,0.1,0.04264014327112209,mle,1.8338372977508577,4.050443254436042,True,False,48,167.3525333043807,2857.193397864073,0.024291564997838577,CONVERGENCE: RELATIVE REDUCTION OF F <= FACTR*EPSMCH
1.9,5.0,2000,4,noisy,0.1,0.04264014327112209,qlog,1.9,3.3849460269596996,True,False,48,167.3525333043807,93.80772060984114,0.022224767999432515,barrido q-log; q por deviance de bins
1.9,5.0,2000,4,noisy,0.1,0.04264014327112209,cdf,1.821375609993302,3.917039838238641,True,False,48,167.3525333043807,7.416679854545599e-05,0.0931616589987243,CONVERGENCE: NORM OF PROJECTED GRADIENT <= PGTOL
1.9,5.0,2000,5,clean,0.1,0.04264014327112209,pdf,1.916505420349993,5.996707423886566,True,False,49,219.93612720410562,43.69800937360875,0.04058644100223319,CONVERGENCE: RELATIVE REDUCTION OF F <= FACTR*EPSMCH
1.9,5.0,2000,5,clean,0.1,0.04264014327112209,mle,1.9115429334459904,5.923829611443823,True,False,49,219.93612720410562,2826.076721753186,0.008482340999762528,CONVERGENCE: RELATIVE REDUCTION OF F <= FACTR*EPSMCH
1.9,5.0,2000,5,clean,0.1,0.04264014327112209,qlog,1.96,4.85515890926593,True,False,49,219.93612720410562,77.0755921540873,0.03948920300172176,barrido q-log; q por deviance de bins
1.9,5.0,2000,5,clean,0.1,0.04264014327112209,cdf,1.9064465812980251,5.841248220355797,True,False,49,219.93612720410562,2.0775254110434507e-05,0.10134283800289268,CONVERGENCE: NORM OF PROJECTED GRADIENT <= PGTOL
1.9,5.0,2000,5,noisy,0.1,0.04264014327112209,pdf,1.9199226392307072,6.071603748837107,True,False,49,219.9193130464303,51.40225527141805,0.03320846400310984,CONVERGENCE: RELATIVE REDUCTION OF F <= FACTR*EPSMCH
1.9,5.0,2000,5,noisy,0.1,0.04264014327112209,mle,1.91209421416858,5.9283532355596185,True,False,49,219.9193130464303,2827.9518951224145,0.007957961999636609,CONVERGENCE: RELATIVE REDUCTION OF F <= FACTR*EPSMCH
1.9,5.0,2000,5,noisy,0.1,0.04264014327112209,qlog,1.96,4.718910923637672,True,False,49,219.9193130464303,90.0653347749965,0.021328316997824004,barrido q-log; q por deviance de bins
1.9,5.0,2000,5,noisy,0.1,0.04264014327112209,cdf,1.907768164002513,5.8571467239803505,True,False,49,219.9193130464303,2.525715038568495e-05,0.0871313059979002,CONVERGENCE: NORM OF PROJECTED GRADIENT <= PGTOL
1.9,5.0,2000,6,clean,0.1,0.04264014327112209,pdf,1.9020144715108838,4.874072645331013,True,False,49,81.75834616192743,39.19624350379054,0.05512476700096158,CONVERGENCE: NORM OF PROJECTED GRADIENT <= PGTOL
1.9,5.0,2000,6,clean,0.1,0.04264014327112209,mle,1.89047825580566,4.737705031309279,True,False,49,81.75834616192743,2950.4842525979752,0.008487740997225046,CONVERGENCE: NORM OF PROJECTED GRADIENT <= PGTOL
1.9,5.0,2000,6,clean,0.1,0.04264014327112209,qlog,1.92,4.058906571954805,True,False,49,81.75834616192743,54.87351550421614,0.025886507999530295,barrido q-log; q por deviance de bins
1.9,5.0,2000,6,clean,0.1,0.04264014327112209,cdf,1.8869623469674341,4.694232591246704,True,False,49,81.75834616192743,1.2327629032805997e-05,0.10545124300188036,CONVERGENCE: NORM OF PROJECTED GRADIENT <= PGTOL
1.9,5.0,2000,6,noisy,0.1,0.04264014327112209,pdf,1.8970113495562513,4.748051284219182,True,False,49,81.75413926568675,56.52323219949763,0.05106617899946286,CONVERGENCE: RELATIVE REDUCTION OF F <= FACTR*EPSMCH
1.9,5.0,2000,6,noisy,0.1,0.04264014327112209,mle,1.8886566381316712,4.681309367211875,True,False,49,81.75413926568675,2954.0567832830147,0.009397190999152372,CONVERGENCE: RELATIVE REDUCTION OF F <= FACTR*EPSMCH
1.9,5.0,2000,6,noisy,0.1,0.04264014327112209,qlog,1.9,3.6025204919682468,True,False,49,81.75413926568675,79.8256675465791,0.025761300999874948,barrido q-log; q por deviance de bins
1.9,5.0,2000,6,noisy,0.1,0.04264014327112209,cdf,1.8841222519770502,4.625401024764657,True,False,49,81.75413926568675,1.5781646300113376e-05,0.09254569800032186,CONVERGENCE: NORM OF PROJECTED GRADIENT <= PGTOL
1.9,5.0,2000,7,clean,0.1,0.04264014327112209,pdf,1.9113605307577313,5.251556480502584,True,False,48,179.02768399763497,56.62573429751743,0.0383715600000869,CONVERGENCE: RELATIVE REDUCTION OF F <= FACTR*EPSMCH
1.9,5.0,2000,7,clean,0.1,0.04264014327112209,mle,1.9051658821638304,5.166278075141636,True,False,48,179.02768399763497,2932.563167868282,0.032660498000041116,CONVERGENCE: RELATIVE REDUCTION OF F <= FACTR*EPSMCH
1.9,5.0,2000,7,clean,0.1,0.04264014327112209,qlog,1.98,4.321812670343243,True,False,48,179.02768399763497,104.89845113858735,0.021195957997406367,barrido q-log; q por deviance de bins
1.9,5.0,2000,7,clean,0.1,0.04264014327112209,cdf,1.9094414803274204,5.208186302601373,True,False,48,179.02768399763497,0.00012151990841392502,0.09148953199837706,CONVERGENCE: NORM OF PROJECTED GRADIENT <= PGTOL
1.9,5.0,2000,7,noisy,0.1,0.04264014327112209,pdf,1.9067964048850192,5.106620125811163,True,False,48,179.00370428777902,67.0779376586297,0.0388616810014355,CONVERGENCE: RELATIVE REDUCTION OF F <= FACTR*EPSMCH
1.9,5.0,2000,7,noisy,0.1,0.04264014327112209,mle,1.9016959589071314,5.059475497464215,True,False,48,179.00370428777902,2937.0767662408357,0.010849959999177372,CONVERGENCE: RELATIVE REDUCTION OF F <= FACTR*EPSMCH
1.9,5.0,2000,7,noisy,0.1,0.04264014327112209,qlog,1.98,4.022209303294692,True,False,48,179.00370428777902,128.7970155087364,0.03798857600122574,barrido q-log; q por deviance de bins
1.9,5.0,2000,7,noisy,0.1,0.04264014327112209,cdf,1.899945927378367,5.01803825608138,True,False,48,179.00370428777902,0.00011203446388723584,0.10031900499961921,CONVERGENCE: NORM OF PROJECTED GRADIENT <= PGTOL
1.9,5.0,2000,8,clean,0.1,0.04264014327112209,pdf,1.8891197718788715,4.812463940393855,True,False,50,85.77473150160824,57.95524409457247,0.03629488499791478,CONVERGENCE: NORM OF PROJECTED GRADIENT <= PGTOL
1.9,5.0,2000,8,clean,0.1,0.04264014327112209,mle,1.8794712047435762,4.720378795401337,True,False,50,85.77473150160824,2903.7564884491862,0.008026772000448545,CONVERGENCE: RELATIVE REDUCTION OF F <= FACTR*EPSMCH
1.9,5.0,2000,8,clean,0.1,0.04264014327112209,qlog,1.9,3.6707794313710624,True,False,50,85.77473150160824,84.14727162617035,0.023555903000669787,barrido q-log; q por deviance de bins
1.9,5.0,2000,8,clean,0.1,0.04264014327112209,cdf,1.8750728724113026,4.664995672551101,True,False,50,85.77473150160824,1.1022757955528845e-05,0.09608791299979202,CONVERGENCE: NORM OF PROJECTED GRADIENT <= PGTOL
1.9,5.0,2000,8,noisy,0.1,0.04264014327112209,pdf,1.8888783056914105,4.809505577324558,True,False,50,85.82102209441102,37.927722690269356,0.052684833000967046,CONVERGENCE: RELATIVE REDUCTION OF F <= FACTR*EPSMCH
1.9,5.0,2000,8,noisy,0.1,0.04264014327112209,mle,1.8785968334231427,4.682500645785043,True,False,50,85.82102209441102,2907.848603189221,0.007845378000638448,CONVERGENCE: RELATIVE REDUCTION OF F <= FACTR*EPSMCH
1.9,5.0,2000,8,noisy,0.1,0.04264014327112209,qlog,1.9,3.875372775795755,True,False,50,85.82102209441102,55.58540542414891,0.02291298599811853,barrido q-log; q por deviance de bins
1.9,5.0,2000,8,noisy,0.1,0.04264014327112209,cdf,1.8712426180684183,4.592337781963764,True,False,50,85.82102209441102,8.893724788724519e-06,0.09363647200007108,CONVERGENCE: NORM OF PROJECTED GRADIENT <= PGTOL
1.9,5.0,2000,9,clean,0.1,0.04264014327112209,pdf,1.907550485599317,5.336247426343699,True,False,48,514.3357725105573,46.099198767345605,0.07113647699952708,CONVERGENCE: RELATIVE REDUCTION OF F <= FACTR*EPSMCH
1.9,5.0,2000,9,clean,0.1,0.04264014327112209,mle,1.9144668804612544,5.472330957297644,True,False,48,514.3357725105573,2919.3767315901623,0.008932945998822106,CONVERGENCE: RELATIVE REDUCTION OF F <= FACTR*EPSMCH
1.9,5.0,2000,9,clean,0.1,0.04264014327112209,qlog,1.96,3.997991918483621,True,False,48,514.3357725105573,102.40184518863099,0.019627336001576623,barrido q-log; q por deviance de bins
1.9,5.0,2000,9,clean,0.1,0.04264014327112209,cdf,1.9168473545897426,5.509356026799195,True,False,48,514.3357725105573,2.197352276572473e-05,0.09252191799896536,CONVERGENCE: NORM OF PROJECTED GRADIENT <= PGTOL
1.9,5.0,2000,9,noisy,0.1,0.04264014327112209,pdf,1.9040402542860528,5.229516276592447,True,False,48,514.3232965539465,42.23095839180398,0.03931759099941701,CONVERGENCE: RELATIVE REDUCTION OF F <= FACTR*EPSMCH
1.9,5.0,2000,9,noisy,0.1,0.04264014327112209,mle,1.9108827492030929,5.353272506391847,True,False,48,514.3232965539465,2924.19536395693,0.030774611001106678,CONVERGENCE: RELATIVE REDUCTION OF F <= FACTR*EPSMCH
1.9,5.0,2000,9,noisy,0.1,0.04264014327112209,qlog,1.96,4.035917176438508,True,False,48,514.3232965539465,94.76562739828039,0.02117756200095755,barrido q-log; q por deviance de bins
1.9,5.0,2000,9,noisy,0.1,0.04264014327112209,cdf,1.9051622954775045,5.271405133378969,True,False,48,514.3232965539465,2.523754080273835e-05,0.09332707700013998,CONVERGENCE: NORM OF PROJECTED GRADIENT <= PGTOL
