q_true,b_true,n,method,paired_valid,mean_delta_q,sd_delta_q,mcse_delta_q,mean_abs_delta_q,mean_delta_b,sd_delta_b,mcse_delta_b,mean_abs_delta_b
1.5,2.0,2000,pdf,10,-0.0019351312903460594,0.005745673881373421,0.001816941615768011,0.004382269303727671,-0.025992646582669043,0.027008490884092476,0.008540834735762694,0.02769183352173201
1.5,2.0,2000,mle,10,-0.0022010036384313867,0.00346187929589021,0.001094742355959305,0.0027769666967984775,-0.025612575572469744,0.02123330782490086,0.006714561498616243,0.025612575572469744
1.5,2.0,2000,qlog,10,-0.0020000000000000018,0.006324555320336764,0.0020000000000000018,0.0020000000000000018,-0.028839855894713738,0.04268702960263253,0.013498824009135112,0.04133389741665376
1.5,2.0,2000,cdf,10,-0.007256535316947565,0.015475348215333551,0.004893734794467588,0.013284151112475783,-0.041034351359806556,0.06478685083606131,0.020487401107153774,0.06119635451434098
1.5,5.0,2000,pdf,10,-0.005373896933266997,0.00891394078498361,0.0028188355808417454,0.008272345881910882,-0.09010412244601032,0.0955104262476646,0.03020304872361494,0.11086579211870777
1.5,5.0,2000,mle,10,-0.0027557832170609585,0.003541898472080008,0.0011200466412843125,0.0033785191229831037,-0.06246689553175901,0.04981585522388623,0.01575315660966777,0.06531555900881969
1.5,5.0,2000,qlog,10,-0.006000000000000005,0.009660917830792967,0.003055050463303896,0.006000000000000005,-0.07531746737936044,0.10475969954322818,0.0331279257551502,0.09142642480104213
1.5,5.0,2000,cdf,10,-0.006117124450175338,0.01695721069712745,0.00536234085662944,0.01257347723008322,-0.09425700886722606,0.1705121082284661,0.05392066306390912,0.12976653504514565
1.9,2.0,2000,pdf,10,-0.003077257245280829,0.0023080515690652036,0.0007298699915371468,0.003165370804747414,-0.03677379606183708,0.02821348687623894,0.008921887926418414,0.03677379606183708
1.9,2.0,2000,mle,10,-0.0024256187261282314,0.0015956265949091809,0.0005045814335051843,0.0024256187261282314,-0.02960862669869946,0.020342115659597967,0.0064327417910908,0.02960862669869946
1.9,2.0,2000,qlog,10,-0.006000000000000005,0.009660917830792967,0.003055050463303896,0.006000000000000005,-0.01437821270565529,0.07266993268658646,0.022980250470073224,0.051614444551789096
1.9,2.0,2000,cdf,10,-0.005589789755958807,0.0041750852922168335,0.001320277894887486,0.0056417724241303755,-0.046083306722991525,0.03200470268193246,0.010120775631140602,0.046083306722991525
1.9,5.0,2000,pdf,10,-0.003183917292527516,0.00295689035489406,0.0009350508312848837,0.0038673610686703608,-0.09355024659311599,0.07791709676652255,0.02463954944499521,0.10852951158322419
1.9,5.0,2000,mle,10,-0.002448125474869056,0.0019542131805260522,0.000617976468398413,0.002625744635868288,-0.07437620740696635,0.04892557482309572,0.01547162522739721,0.07528093223012541
1.9,5.0,2000,qlog,10,-0.0020000000000000018,0.006324555320336764,0.0020000000000000018,0.0020000000000000018,-0.06653056466822585,0.19373479681880332,0.06126432199773617,0.14005320078370223
1.9,5.0,2000,cdf,10,-0.006294824060956983,0.006061365653772344,0.0019167721197036187,0.007589747151660409,-0.12195845894030972,0.10158450407329116,0.03212384078502523,0.13727856114083153
