q_true,b_true,n,bins,method,paired_valid,mean_delta_q,sd_delta_q,mean_delta_b,sd_delta_b
1.5,2.0,2000,10,pdf,10,-0.005788513393744865,0.014935215343178241,-0.04123662604948708,0.062142025498560065
1.5,2.0,2000,10,qlog,10,0.0020000000000000018,0.006324555320336764,-0.01721368731350854,0.0487392893247205
1.5,2.0,2000,20,pdf,10,-0.0035939386151280007,0.008339469243145605,-0.03062048912363822,0.03663431278103957
1.5,2.0,2000,20,qlog,10,-0.0020000000000000018,0.011352924243950945,-0.021034610208277394,0.04084021703368623
1.5,2.0,2000,30,pdf,10,-0.002898009881665686,0.007994753231806305,-0.02645075481496271,0.032442490793769437
1.5,2.0,2000,30,qlog,10,0.0,0.0,-0.009879597589307055,0.01966859528876013
1.5,2.0,2000,40,pdf,10,-0.0016829448973644467,0.0060233159293909605,-0.025481642914525815,0.026118791999584168
1.5,2.0,2000,40,qlog,10,0.0,0.0,-0.01903653056773913,0.03059020935637694
1.5,2.0,2000,50,pdf,10,-0.0019351312903460594,0.005745673881373421,-0.025992646582669043,0.027008490884092476
1.5,2.0,2000,50,qlog,10,-0.0020000000000000018,0.006324555320336764,-0.028839855894713738,0.04268702960263253
1.5,2.0,2000,60,pdf,10,-0.0028070365699021773,0.004978550927342333,-0.027955517475630364,0.025043882269387134
1.5,2.0,2000,60,qlog,10,-0.0020000000000000018,0.006324555320336764,-0.02504033846780158,0.046253540488946435
1.5,2.0,2000,70,pdf,10,-0.0022289203300052797,0.005388541483594729,-0.026879083393848945,0.027156457171351726
1.5,2.0,2000,70,qlog,10,-0.0040000000000000036,0.008432740427115688,-0.029191631405583073,0.051962275161066475
1.5,2.0,2000,80,pdf,10,-0.0020377482992014915,0.004570248697389643,-0.02647609756761582,0.022236346627167846
1.5,2.0,2000,80,qlog,10,-0.0020000000000000018,0.006324555320336764,-0.040549811586667664,0.05525913994674519
1.5,2.0,2000,90,pdf,10,-0.0036237712680350586,0.004969497667029799,-0.03110583065071022,0.02686947182346389
1.5,2.0,2000,90,qlog,10,-0.0020000000000000018,0.006324555320336764,-0.035207770471874754,0.05075398510173602
1.5,2.0,2000,100,pdf,10,-0.003347427566201522,0.0042745572970390505,-0.029825033899515675,0.021652131675575344
1.5,2.0,2000,100,qlog,10,-0.006000000000000005,0.013498971154211071,-0.04062204816795898,0.09782199405069072
1.5,2.0,2000,110,pdf,10,-0.0033112831158921717,0.004691025758067693,-0.029011015713790188,0.024357881076748134
1.5,2.0,2000,110,qlog,10,-0.010000000000000009,0.010540925533894607,-0.07667715805550875,0.06193964980168165
1.5,2.0,2000,120,pdf,10,-0.0026619669285846024,0.004369338550272012,-0.027230240115111527,0.023075812413446715
1.5,2.0,2000,120,qlog,10,-0.0020000000000000018,0.006324555320336764,-0.04315917359722123,0.059235308917678794
1.5,2.0,2000,130,pdf,10,-0.002886189453220078,0.00524881122337864,-0.02856387585597191,0.025518030810507818
1.5,2.0,2000,130,qlog,10,-0.0020000000000000018,0.006324555320336764,-0.022682951656851923,0.05740681536106754
1.5,2.0,2000,140,pdf,10,-0.0023712514194479837,0.005178087468459507,-0.027693696273389978,0.02659664895879145
1.5,2.0,2000,140,qlog,10,-0.006000000000000005,0.009660917830792967,-0.06308955550566872,0.055920547680003714
1.5,2.0,2000,150,pdf,10,-0.0013737525579377908,0.005237378914337872,-0.022280993116259706,0.027575906689217722
1.5,2.0,2000,150,qlog,10,-0.0040000000000000036,0.008432740427115688,-0.04658131775980299,0.07576679407993094
1.5,2.0,2000,160,pdf,10,-0.001708221010236688,0.004314719069276274,-0.02474123141118949,0.023605023845177958
1.5,2.0,2000,160,qlog,10,-0.0040000000000000036,0.008432740427115688,-0.04108600608035016,0.04931000680890359
1.5,2.0,2000,170,pdf,10,-0.0015423843634154943,0.004041542783919203,-0.02459932965036098,0.02171586107426798
1.5,2.0,2000,170,qlog,10,-0.0020000000000000018,0.006324555320336764,-0.058112203447355924,0.0718935415460662
1.5,2.0,2000,180,pdf,10,-0.0027642928261882417,0.003387533888224384,-0.02737115907368337,0.0207382784858964
1.5,2.0,2000,180,qlog,10,-0.006000000000000005,0.009660917830792967,-0.04707166611530147,0.07084610404089793
1.5,2.0,2000,190,pdf,10,-0.0025804639282720476,0.003286474261325371,-0.02789108172003545,0.020088310862063002
1.5,2.0,2000,190,qlog,10,-0.010000000000000009,0.010540925533894607,-0.07560708004647591,0.07449494249815364
1.5,2.0,2000,200,pdf,10,-0.003118195937376589,0.004424539145985753,-0.02824925556547069,0.024415569428791938
1.5,2.0,2000,200,qlog,10,-0.006000000000000005,0.009660917830792967,-0.05210720388907466,0.0889882904767466
1.5,5.0,2000,10,pdf,10,-0.0053353481010379065,0.023969845845757343,-0.07695467697809182,0.26072913511953805
1.5,5.0,2000,10,qlog,10,-0.003999999999999981,0.008432740427115637,-0.06336121046035,0.20943787796938346
1.5,5.0,2000,20,pdf,10,-0.003584397464479627,0.009375476169219804,-0.07486787641255158,0.10437042189567408
1.5,5.0,2000,20,qlog,10,-0.006000000000000005,0.009660917830792967,-0.07371810913288464,0.11732625938321993
1.5,5.0,2000,30,pdf,10,-0.00082981256621939,0.008301542466445317,-0.041225924538494586,0.09477194384897074
1.5,5.0,2000,30,qlog,10,0.0040000000000000036,0.008432740427115688,0.0235596729385505,0.12380470188464675
1.5,5.0,2000,40,pdf,10,-0.002452956858477595,0.005839696924173606,-0.04868972638147433,0.0663084890141644
1.5,5.0,2000,40,qlog,10,-0.0020000000000000018,0.011352924243950945,-0.03165889774973287,0.13883738323467534
1.5,5.0,2000,50,pdf,10,-0.005373896933266997,0.00891394078498361,-0.09010412244601032,0.0955104262476646
1.5,5.0,2000,50,qlog,10,-0.006000000000000005,0.009660917830792967,-0.07531746737936044,0.10475969954322818
1.5,5.0,2000,60,pdf,10,-0.0019017161871084155,0.005013395909559381,-0.05577352789585062,0.06037120773127017
1.5,5.0,2000,60,qlog,10,0.0040000000000000036,0.008432740427115688,0.025284306427707293,0.15634857992751322
1.5,5.0,2000,70,pdf,10,-0.0033283919818112074,0.004618029057276085,-0.07164317695264204,0.060349782824661344
1.5,5.0,2000,70,qlog,10,-0.0040000000000000036,0.008432740427115688,-0.0366434463725402,0.0889301866686054
1.5,5.0,2000,80,pdf,10,-0.0033080654804845235,0.006448244958300828,-0.06655539153941134,0.07571871942230193
1.5,5.0,2000,80,qlog,10,0.0,0.0,0.0020020364019010194,0.07934996844249195
1.5,5.0,2000,90,pdf,10,-0.00418238550519785,0.005508577466622544,-0.0798275203135355,0.06762717971033388
1.5,5.0,2000,90,qlog,10,0.0,0.0,0.016489507527078874,0.11975036782774531
1.5,5.0,2000,100,pdf,10,-0.0044498218297179815,0.0063989526002265675,-0.07842291781387889,0.07501548796457638
1.5,5.0,2000,100,qlog,10,-0.0020000000000000018,0.006324555320336764,-0.01703117585213665,0.11665756208560933
1.5,5.0,2000,110,pdf,10,-0.002454676720099136,0.0046440438328428915,-0.0557232707718315,0.06254248769354949
1.5,5.0,2000,110,qlog,10,0.0020000000000000018,0.006324555320336764,0.022869509153706426,0.11306994254000968
1.5,5.0,2000,120,pdf,10,-0.0026761590694982297,0.003052047954441489,-0.058952536162849345,0.04624785538744205
1.5,5.0,2000,120,qlog,10,0.0,0.0,0.006718526766780242,0.08034362137886294
1.5,5.0,2000,130,pdf,10,-0.0021686366532992275,0.0038300813173493173,-0.0593477821540616,0.05473639927220756
1.5,5.0,2000,130,qlog,10,-0.0040000000000000036,0.008432740427115688,-0.022562525986137727,0.1396906784624794
1.5,5.0,2000,140,pdf,10,-0.002618018153444912,0.003735287238363389,-0.06371341570282274,0.05208856379784376
1.5,5.0,2000,140,qlog,10,-0.0020000000000000018,0.011352924243950945,0.029262301795013768,0.20317518813022778
1.5,5.0,2000,150,pdf,10,-0.003902906667492112,0.00539658672754572,-0.07215094960720529,0.06453592896721545
1.5,5.0,2000,150,qlog,10,-0.0040000000000000036,0.012649110640673528,-0.048098094187700904,0.15393567074548697
1.5,5.0,2000,160,pdf,10,-0.0036325169087054743,0.005444553917754609,-0.07037630925111893,0.066723072769152
1.5,5.0,2000,160,qlog,10,0.0,0.009428090415820642,0.034776573303480385,0.17579666438444938
1.5,5.0,2000,170,pdf,10,-0.0031415560337490823,0.005058824904383049,-0.06738615445153986,0.06252072702774752
1.5,5.0,2000,170,qlog,10,0.0,0.009428090415820642,0.013932039344526581,0.24458353749108797
1.5,5.0,2000,180,pdf,10,-0.003098994185862436,0.0045301670963830845,-0.06787651899380549,0.059817445133484824
1.5,5.0,2000,180,qlog,10,0.0020000000000000018,0.006324555320336764,0.039935738605037095,0.15247265203473162
1.5,5.0,2000,190,pdf,10,-0.002277103939818459,0.0040964047175896644,-0.05910973609990329,0.05258212309848328
1.5,5.0,2000,190,qlog,10,0.0,0.009428090415820642,0.07166208217628975,0.15263703804278644
1.5,5.0,2000,200,pdf,10,-0.0031924138961137993,0.004697529790387703,-0.06936926847479583,0.05992257612808047
1.5,5.0,2000,200,qlog,10,0.0020000000000000018,0.006324555320336764,0.03288796359382533,0.18308868729610323
1.9,2.0,2000,10,pdf,10,-0.003149450210500437,0.005235698989260976,-0.032547276134125266,0.057529617641517976
1.9,2.0,2000,10,qlog,10,0.0019999999999999575,0.0063245553203366235,-0.009326831405038856,0.02380541943258973
1.9,2.0,2000,20,pdf,10,-0.004969351549255085,0.0036930907818254984,-0.05417774868281337,0.03895225830709918
1.9,2.0,2000,20,qlog,10,0.0020000000000000018,0.006324555320336764,-0.011803752296657533,0.0432132690400758
1.9,2.0,2000,30,pdf,10,-0.002866423571287169,0.0035398104045796176,-0.037908546557506126,0.046618286021473145
1.9,2.0,2000,30,qlog,10,-0.0040000000000000036,0.008432740427115688,-0.026035408461319087,0.06572221592576676
1.9,2.0,2000,40,pdf,10,-0.003380526343985202,0.0020595021519538292,-0.04170908283955628,0.024906460708970665
1.9,2.0,2000,40,qlog,10,-0.0040000000000000036,0.008432740427115688,-0.019984690838637874,0.0591760718735255
1.9,2.0,2000,50,pdf,10,-0.003077257245280829,0.0023080515690652036,-0.03677379606183708,0.02821348687623894
1.9,2.0,2000,50,qlog,10,-0.006000000000000005,0.009660917830792967,-0.01437821270565529,0.07266993268658646
1.9,2.0,2000,60,pdf,10,-0.0030815473098680267,0.002715407099150393,-0.03952377418953643,0.03299457464383394
1.9,2.0,2000,60,qlog,10,0.0,0.0,0.016259677416430817,0.07060313068611668
1.9,2.0,2000,70,pdf,10,-0.0020497140681972727,0.0020179609082632004,-0.026544889349690192,0.025699060482777127
1.9,2.0,2000,70,qlog,10,-0.0020000000000000018,0.006324555320336764,0.02240679320951271,0.08087735624185712
1.9,2.0,2000,80,pdf,10,-0.0029790753097296506,0.0016175587095422325,-0.03575051399372684,0.01739007521754475
1.9,2.0,2000,80,qlog,10,0.0,0.0,0.0488254857794538,0.0749865871863946
1.9,2.0,2000,90,pdf,10,-0.00282076352458589,0.002157249678738435,-0.030851558101366482,0.025165943251046718
1.9,2.0,2000,90,qlog,10,0.0,0.0,0.026192848322294203,0.06662134542646646
1.9,2.0,2000,100,pdf,10,-0.0033188252569806174,0.001898931601161459,-0.039003274495375904,0.02423051450948856
1.9,2.0,2000,100,qlog,10,-0.0020000000000000018,0.006324555320336764,0.031448623338551585,0.09060773911765752
1.9,2.0,2000,110,pdf,10,-0.0017364012841747378,0.0018854019557464933,-0.024853789538047354,0.025345808728849357
1.9,2.0,2000,110,qlog,10,0.0020000000000000018,0.011352924243950943,0.06265695259923484,0.0875886580898024
1.9,2.0,2000,120,pdf,10,-0.002596533045859806,0.0016548075629910107,-0.03147813098096577,0.020936591582467842
1.9,2.0,2000,120,qlog,10,0.0040000000000000036,0.008432740427115688,0.06399741322528188,0.11400728068594236
1.9,2.0,2000,130,pdf,10,-0.0028319587568571337,0.0022479909825299377,-0.03362977766740751,0.026648614351390605
1.9,2.0,2000,130,qlog,10,0.0,0.009428090415820642,0.04482764664707219,0.09970801422754003
1.9,2.0,2000,140,pdf,10,-0.002824722324679385,0.002218328312356612,-0.03425923919881353,0.02919663040057133
1.9,2.0,2000,140,qlog,10,0.0,0.009428090415820642,0.03364042542965624,0.11627785767176971
1.9,2.0,2000,150,pdf,10,-0.002908560078194311,0.001358252548296438,-0.03474119004174323,0.01836981957288974
1.9,2.0,2000,150,qlog,10,0.0,0.0,0.054337439036708776,0.07214005791520359
1.9,2.0,2000,160,pdf,10,-0.002657020643605179,0.0012385670453091498,-0.03143870751509483,0.017979806311653225
1.9,2.0,2000,160,qlog,10,0.0040000000000000036,0.008432740427115688,0.1035484060494026,0.07898195004460488
1.9,2.0,2000,170,pdf,10,-0.0017769203592462146,0.0019064954283973144,-0.023636303387800383,0.021484347380101455
1.9,2.0,2000,170,qlog,10,0.0,0.013333333333333346,0.05018810163104095,0.12914858443993507
1.9,2.0,2000,180,pdf,10,-0.002800642394233566,0.0016919903636375415,-0.033146034522145,0.02147414488390149
1.9,2.0,2000,180,qlog,10,0.006000000000000005,0.009660917830792967,0.07041235519059139,0.08827140021445143
1.9,2.0,2000,190,pdf,10,-0.0023430518275014745,0.0016055469179790728,-0.030323365736920117,0.019595963652826492
1.9,2.0,2000,190,qlog,10,0.0040000000000000036,0.012649110640673528,0.08169837859400556,0.12804177675008518
1.9,2.0,2000,200,pdf,10,-0.0023732350485788254,0.0017065802964804039,-0.030967442810477606,0.020947545679213406
1.9,2.0,2000,200,qlog,10,0.0040000000000000036,0.008432740427115688,0.09932450017529575,0.07012911363553552
1.9,5.0,2000,10,pdf,10,-0.0028518676274322586,0.011600481099981325,-0.06686815523662926,0.2778090276286043
1.9,5.0,2000,10,qlog,10,-0.0019999999999999575,0.0063245553203366235,-0.022161680065995077,0.09749596165387132
1.9,5.0,2000,20,pdf,10,-0.004147778645122435,0.005510761357795457,-0.10330021057148633,0.13943807441214828
1.9,5.0,2000,20,qlog,10,-0.0060000000000000496,0.009660917830793038,-0.109300517709828,0.16247333761332935
1.9,5.0,2000,30,pdf,10,-0.0017119976248923807,0.0033359119948081256,-0.048799345273496185,0.07211810122932594
1.9,5.0,2000,30,qlog,10,0.0020000000000000018,0.006324555320336764,0.016446322292791617,0.10027464139960443
1.9,5.0,2000,40,pdf,10,-0.002948002964494556,0.002809407398415092,-0.07895603939326819,0.06022805459386268
1.9,5.0,2000,40,qlog,10,0.0,0.0,-0.04829115688680554,0.08888588006585198
1.9,5.0,2000,50,pdf,10,-0.003183917292527516,0.00295689035489406,-0.09355024659311599,0.07791709676652255
1.9,5.0,2000,50,qlog,10,-0.0020000000000000018,0.006324555320336764,-0.06653056466822585,0.19373479681880332
1.9,5.0,2000,60,pdf,10,-0.0034050891534659566,0.0026635127316213918,-0.08820218140791827,0.0556064325257057
1.9,5.0,2000,60,qlog,10,-0.0020000000000000018,0.006324555320336764,-0.007969435111096334,0.20217651444135448
1.9,5.0,2000,70,pdf,10,-0.003335766697863485,0.0032249174068634725,-0.09169866868357887,0.08175106477000962
1.9,5.0,2000,70,qlog,10,-0.0020000000000000018,0.006324555320336764,-0.11575998485520018,0.149441533245326
1.9,5.0,2000,80,pdf,10,-0.003590749957978745,0.0028306087567914885,-0.09671837931438532,0.059740530172726035
1.9,5.0,2000,80,qlog,10,0.0,0.0,-0.06421668978130297,0.19191545570741042
1.9,5.0,2000,90,pdf,10,-0.0021563443377580873,0.002288777132409689,-0.06718653019211773,0.050577871455674425
1.9,5.0,2000,90,qlog,10,-0.0020000000000000018,0.006324555320336764,-0.12181027096114852,0.17647483400162675
1.9,5.0,2000,100,pdf,10,-0.002889664883988852,0.003300923712597824,-0.08584892898450258,0.08040998595092307
1.9,5.0,2000,100,qlog,10,0.0,0.0,-0.030218244637200666,0.1915174547869977
1.9,5.0,2000,110,pdf,10,-0.0022563237310593287,0.0016757133576135877,-0.06610999143044234,0.04518893539661558
1.9,5.0,2000,110,qlog,10,-0.0020000000000000018,0.011352924243950945,-0.06948578015573315,0.23073087903086306
1.9,5.0,2000,120,pdf,10,-0.0031892365098116658,0.002197211018295602,-0.0875692361353683,0.04757507370282564
1.9,5.0,2000,120,qlog,10,-0.006000000000000005,0.009660917830792967,-0.01615356196690687,0.26746396245061155
1.9,5.0,2000,130,pdf,10,-0.0021672574001800225,0.0017826878944036757,-0.06763916760847337,0.046620781655358476
1.9,5.0,2000,130,qlog,10,0.0020000000000000018,0.006324555320336764,-0.0664116911758402,0.15302362272964998
1.9,5.0,2000,140,pdf,10,-0.0028680553758251293,0.0023751482539089526,-0.0825652854510694,0.05812335014399306
1.9,5.0,2000,140,qlog,10,-0.0040000000000000036,0.008432740427115688,-0.16300341954448339,0.2423094877826263
1.9,5.0,2000,150,pdf,10,-0.0025035960934685297,0.002424539467161399,-0.07960628787881027,0.05379025224859373
1.9,5.0,2000,150,qlog,10,0.0020000000000000018,0.006324555320336764,-0.002735556880760104,0.23282634114196452
1.9,5.0,2000,160,pdf,10,-0.002598737069307111,0.0026780598534188282,-0.07382956617287703,0.062260557822161375
1.9,5.0,2000,160,qlog,10,0.0020000000000000018,0.006324555320336764,-0.0738314733711869,0.17643077118650577
1.9,5.0,2000,170,pdf,10,-0.0024904779070726857,0.002318578242039439,-0.07831332594019225,0.0535327868657516
1.9,5.0,2000,170,qlog,10,-0.0040000000000000036,0.008432740427115688,-0.11339013455848579,0.2558647426175122
1.9,5.0,2000,180,pdf,10,-0.0030867870410289378,0.0022908764788553042,-0.08519118287677152,0.052508538373939394
1.9,5.0,2000,180,qlog,10,-0.006000000000000005,0.009660917830792967,-0.14535463638350507,0.20133284647438374
1.9,5.0,2000,190,pdf,10,-0.003236653583668603,0.0021572850443938546,-0.09088627497900159,0.050301723098842295
1.9,5.0,2000,190,qlog,10,-0.0040000000000000036,0.008432740427115688,-0.10434193295815923,0.20553592034057713
1.9,5.0,2000,200,pdf,10,-0.002603862653083655,0.00259786616099795,-0.07849690780847114,0.060558914399043075
1.9,5.0,2000,200,qlog,10,-0.0040000000000000036,0.012649110640673528,-0.08327577062821487,0.2586174636064076
