q_true,b_true,n,rep,condition,bins,method,q_hat,b_hat,success,at_bound,occupied_bins,message,seconds
1.5,2.0,2000,0,clean,50,mle,1.498074011682633,2.148933702735786,True,False,48,CONVERGENCE: RELATIVE REDUCTION OF F <= FACTR*EPSMCH,0
1.5,2.0,2000,0,clean,50,cdf,1.5511866946430746,2.3735068785693842,True,False,48,CONVERGENCE: NORM OF PROJECTED GRADIENT <= PGTOL,0
1.5,2.0,2000,0,noisy,50,mle,1.498695088882052,2.14167726431111,True,False,48,CONVERGENCE: NORM OF PROJECTED GRADIENT <= PGTOL,0
1.5,2.0,2000,0,noisy,50,cdf,1.5568501284159186,2.388742394008211,True,False,48,CONVERGENCE: NORM OF PROJECTED GRADIENT <= PGTOL,0
1.5,2.0,2000,1,clean,50,mle,1.4709017727461988,1.911424324385577,True,False,47,CONVERGENCE: RELATIVE REDUCTION OF F <= FACTR*EPSMCH,0
1.5,2.0,2000,1,clean,50,cdf,1.4489061972438901,1.8278464516828645,True,False,47,CONVERGENCE: NORM OF PROJECTED GRADIENT <= PGTOL,0
1.5,2.0,2000,1,noisy,50,mle,1.4707838446866461,1.9017151306687659,True,False,47,CONVERGENCE: RELATIVE REDUCTION OF F <= FACTR*EPSMCH,0
1.5,2.0,2000,1,noisy,50,cdf,1.4474602793163964,1.815228518029006,True,False,47,CONVERGENCE: NORM OF PROJECTED GRADIENT <= PGTOL,0
1.5,2.0,2000,2,clean,50,mle,1.4747042444470673,1.8436847441923103,True,False,50,CONVERGENCE: RELATIVE REDUCTION OF F <= FACTR*EPSMCH,0
1.5,2.0,2000,2,clean,50,cdf,1.42377947999008,1.6928684711445885,True,False,50,CONVERGENCE: NORM OF PROJECTED GRADIENT <= PGTOL,0
1.5,2.0,2000,2,noisy,50,mle,1.475409370367447,1.8340319615048877,True,False,50,CONVERGENCE: RELATIVE REDUCTION OF F <= FACTR*EPSMCH,0
1.5,2.0,2000,2,noisy,50,cdf,1.4231758158707497,1.6802057106257893,True,False,50,CONVERGENCE: NORM OF PROJECTED GRADIENT <= PGTOL,0
1.5,2.0,2000,3,clean,50,mle,1.501562769006044,1.9267627159850542,True,False,49,CONVERGENCE: RELATIVE REDUCTION OF F <= FACTR*EPSMCH,0
1.5,2.0,2000,3,clean,50,cdf,1.5120924990395712,1.9666786042889026,True,False,49,CONVERGENCE: NORM OF PROJECTED GRADIENT <= PGTOL,0
1.5,2.0,2000,3,noisy,50,mle,1.5018134872732387,1.918315715145699,True,False,49,CONVERGENCE: NORM OF PROJECTED GRADIENT <= PGTOL,0
1.5,2.0,2000,3,noisy,50,cdf,1.5009588169144377,1.9185742045283594,True,False,49,CONVERGENCE: NORM OF PROJECTED GRADIENT <= PGTOL,0
1.5,2.0,2000,4,clean,50,mle,1.4899897977782044,1.9307286492628637,True,False,48,CONVERGENCE: RELATIVE REDUCTION OF F <= FACTR*EPSMCH,0
1.5,2.0,2000,4,clean,50,cdf,1.4971797170741532,1.948509752579657,True,False,48,CONVERGENCE: NORM OF PROJECTED GRADIENT <= PGTOL,0
1.5,2.0,2000,4,noisy,50,mle,1.4831526546413747,1.8758454951560464,True,False,48,CONVERGENCE: NORM OF PROJECTED GRADIENT <= PGTOL,0
1.5,2.0,2000,4,noisy,50,cdf,1.4790604519047665,1.8545880202313243,True,False,48,CONVERGENCE: NORM OF PROJECTED GRADIENT <= PGTOL,0
1.5,2.0,2000,5,clean,50,mle,1.5166913237723052,2.1272075750714663,True,False,50,CONVERGENCE: RELATIVE REDUCTION OF F <= FACTR*EPSMCH,0
1.5,2.0,2000,5,clean,50,cdf,1.5179256392158806,2.1253979400739595,True,False,50,CONVERGENCE: NORM OF PROJECTED GRADIENT <= PGTOL,0
1.5,2.0,2000,5,noisy,50,mle,1.5085420880390246,2.0630374023622307,True,False,50,CONVERGENCE: RELATIVE REDUCTION OF F <= FACTR*EPSMCH,0
1.5,2.0,2000,5,noisy,50,cdf,1.4879697016704967,1.979524819755476,True,False,50,CONVERGENCE: NORM OF PROJECTED GRADIENT <= PGTOL,0
1.5,2.0,2000,6,clean,50,mle,1.5013920571271693,1.9571201956015665,True,False,50,CONVERGENCE: RELATIVE REDUCTION OF F <= FACTR*EPSMCH,0
1.5,2.0,2000,6,clean,50,cdf,1.5347912796258731,2.082267971408444,True,False,50,CONVERGENCE: NORM OF PROJECTED GRADIENT <= PGTOL,0
1.5,2.0,2000,6,noisy,50,mle,1.498233047076877,1.9238650925838239,True,False,50,CONVERGENCE: RELATIVE REDUCTION OF F <= FACTR*EPSMCH,0
1.5,2.0,2000,6,noisy,50,cdf,1.521076169666855,2.0065585941748783,True,False,50,CONVERGENCE: NORM OF PROJECTED GRADIENT <= PGTOL,0
1.5,2.0,2000,7,clean,50,mle,1.5226408296405531,2.022631717919859,True,False,48,CONVERGENCE: NORM OF PROJECTED GRADIENT <= PGTOL,0
1.5,2.0,2000,7,clean,50,cdf,1.5396691958429922,2.0765752985825916,True,False,48,CONVERGENCE: NORM OF PROJECTED GRADIENT <= PGTOL,0
1.5,2.0,2000,7,noisy,50,mle,1.52139585731266,2.0036845298704704,True,False,48,CONVERGENCE: RELATIVE REDUCTION OF F <= FACTR*EPSMCH,0
1.5,2.0,2000,7,noisy,50,cdf,1.5337482572076466,2.039098147584485,True,False,48,CONVERGENCE: NORM OF PROJECTED GRADIENT <= PGTOL,0
1.5,2.0,2000,8,clean,50,mle,1.5118398547327914,2.1091797681334947,True,False,49,CONVERGENCE: RELATIVE REDUCTION OF F <= FACTR*EPSMCH,0
1.5,2.0,2000,8,clean,50,cdf,1.449219245200454,1.8926518788372109,True,False,49,CONVERGENCE: NORM OF PROJECTED GRADIENT <= PGTOL,0
1.5,2.0,2000,8,noisy,50,mle,1.506458414069302,2.068930621874493,True,False,49,CONVERGENCE: RELATIVE REDUCTION OF F <= FACTR*EPSMCH,0
1.5,2.0,2000,8,noisy,50,cdf,1.427410330629224,1.8078647900963634,True,False,49,CONVERGENCE: NORM OF PROJECTED GRADIENT <= PGTOL,0
1.5,2.0,2000,9,clean,50,mle,1.5341494453382685,2.2264442006330976,True,False,49,CONVERGENCE: NORM OF PROJECTED GRADIENT <= PGTOL,0
1.5,2.0,2000,9,clean,50,cdf,1.5225666467387233,2.173858102641758,True,False,49,CONVERGENCE: NORM OF PROJECTED GRADIENT <= PGTOL,0
1.5,2.0,2000,9,noisy,50,mle,1.5354522733369431,2.2168889608199223,True,False,49,CONVERGENCE: NORM OF PROJECTED GRADIENT <= PGTOL,0
1.5,2.0,2000,9,noisy,50,cdf,1.5470409415138535,2.2594308191853525,True,False,49,CONVERGENCE: NORM OF PROJECTED GRADIENT <= PGTOL,0
1.5,5.0,2000,0,clean,50,mle,1.5086005963001128,4.980534918138962,True,False,48,CONVERGENCE: NORM OF PROJECTED GRADIENT <= PGTOL,0
1.5,5.0,2000,0,clean,50,cdf,1.523920127116521,5.113416812215293,True,False,48,CONVERGENCE: NORM OF PROJECTED GRADIENT <= PGTOL,0
1.5,5.0,2000,0,noisy,50,mle,1.5090387954822486,4.958278717178001,True,False,48,CONVERGENCE: RELATIVE REDUCTION OF F <= FACTR*EPSMCH,0
1.5,5.0,2000,0,noisy,50,cdf,1.5259573740961003,5.107413884428437,True,False,48,CONVERGENCE: NORM OF PROJECTED GRADIENT <= PGTOL,0
1.5,5.0,2000,1,clean,50,mle,1.5260258035252923,5.7932297189473,True,False,49,CONVERGENCE: RELATIVE REDUCTION OF F <= FACTR*EPSMCH,0
1.5,5.0,2000,1,clean,50,cdf,1.5566873854031487,6.105695673880325,True,False,49,CONVERGENCE: NORM OF PROJECTED GRADIENT <= PGTOL,0
1.5,5.0,2000,1,noisy,50,mle,1.5212655328556888,5.6810201048387965,True,False,49,CONVERGENCE: RELATIVE REDUCTION OF F <= FACTR*EPSMCH,0
1.5,5.0,2000,1,noisy,50,cdf,1.527497684369032,5.7178587300400325,True,False,49,CONVERGENCE: NORM OF PROJECTED GRADIENT <= PGTOL,0
1.5,5.0,2000,2,clean,50,mle,1.5406442106952143,5.41014326163261,True,False,48,CONVERGENCE: RELATIVE REDUCTION OF F <= FACTR*EPSMCH,0
1.5,5.0,2000,2,clean,50,cdf,1.4861062918637584,4.890039866253396,True,False,48,CONVERGENCE: NORM OF PROJECTED GRADIENT <= PGTOL,0
1.5,5.0,2000,2,noisy,50,mle,1.538269399778936,5.348108025228785,True,False,48,CONVERGENCE: RELATIVE REDUCTION OF F <= FACTR*EPSMCH,0
1.5,5.0,2000,2,noisy,50,cdf,1.4897160482226213,4.88347354806476,True,False,48,CONVERGENCE: NORM OF PROJECTED GRADIENT <= PGTOL,0
1.5,5.0,2000,3,clean,50,mle,1.5273310955493626,5.468269776695593,True,False,47,CONVERGENCE: NORM OF PROJECTED GRADIENT <= PGTOL,0
1.5,5.0,2000,3,clean,50,cdf,1.5533505768378504,5.719162628799254,True,False,47,CONVERGENCE: NORM OF PROJECTED GRADIENT <= PGTOL,0
1.5,5.0,2000,3,noisy,50,mle,1.5229503777088822,5.383067240093577,True,False,47,CONVERGENCE: RELATIVE REDUCTION OF F <= FACTR*EPSMCH,0
1.5,5.0,2000,3,noisy,50,cdf,1.5426881946149633,5.560289541708836,True,False,47,CONVERGENCE: NORM OF PROJECTED GRADIENT <= PGTOL,0
1.5,5.0,2000,4,clean,50,mle,1.4338327004349636,4.770009724975786,True,False,50,CONVERGENCE: RELATIVE REDUCTION OF F <= FACTR*EPSMCH,0
1.5,5.0,2000,4,clean,50,cdf,1.4689883456426551,5.053702913760952,True,False,50,CONVERGENCE: NORM OF PROJECTED GRADIENT <= PGTOL,0
1.5,5.0,2000,4,noisy,50,mle,1.4287677834907202,4.666338970379238,True,False,50,CONVERGENCE: NORM OF PROJECTED GRADIENT <= PGTOL,0
1.5,5.0,2000,4,noisy,50,cdf,1.47269119105631,5.012034658130105,True,False,50,CONVERGENCE: NORM OF PROJECTED GRADIENT <= PGTOL,0
1.5,5.0,2000,5,clean,50,mle,1.5037640720488983,5.11959737430145,True,False,48,CONVERGENCE: RELATIVE REDUCTION OF F <= FACTR*EPSMCH,0
1.5,5.0,2000,5,clean,50,cdf,1.5289306330141526,5.3568504379493,True,False,48,CONVERGENCE: NORM OF PROJECTED GRADIENT <= PGTOL,0
1.5,5.0,2000,5,noisy,50,mle,1.506206789804367,5.133840691686753,True,False,48,CONVERGENCE: RELATIVE REDUCTION OF F <= FACTR*EPSMCH,0
1.5,5.0,2000,5,noisy,50,cdf,1.5405830698571388,5.468988190514344,True,False,48,CONVERGENCE: NORM OF PROJECTED GRADIENT <= PGTOL,0
1.5,5.0,2000,6,clean,50,mle,1.5321128963875272,4.925506774168896,True,False,47,CONVERGENCE: RELATIVE REDUCTION OF F <= FACTR*EPSMCH,0
1.5,5.0,2000,6,clean,50,cdf,1.5204548490800804,4.823133221156014,True,False,47,CONVERGENCE: NORM OF PROJECTED GRADIENT <= PGTOL,0
1.5,5.0,2000,6,noisy,50,mle,1.5294595604138588,4.869855928240121,True,False,47,CONVERGENCE: RELATIVE REDUCTION OF F <= FACTR*EPSMCH,0
1.5,5.0,2000,6,noisy,50,cdf,1.506470594360215,4.672076351931285,True,False,47,CONVERGENCE: NORM OF PROJECTED GRADIENT <= PGTOL,0
1.5,5.0,2000,7,clean,50,mle,1.5336874301718204,5.1718796482656515,True,False,50,CONVERGENCE: RELATIVE REDUCTION OF F <= FACTR*EPSMCH,0
1.5,5.0,2000,7,clean,50,cdf,1.5090014228006805,4.93803906142345,True,False,50,CONVERGENCE: NORM OF PROJECTED GRADIENT <= PGTOL,0
1.5,5.0,2000,7,noisy,50,mle,1.5322724105943382,5.147608428175364,True,False,50,CONVERGENCE: RELATIVE REDUCTION OF F <= FACTR*EPSMCH,0
1.5,5.0,2000,7,noisy,50,cdf,1.5139111995768062,4.970686806228358,True,False,50,CONVERGENCE: NORM OF PROJECTED GRADIENT <= PGTOL,0
1.5,5.0,2000,8,clean,50,mle,1.4877964694876027,4.6855655225972885,True,False,50,CONVERGENCE: RELATIVE REDUCTION OF F <= FACTR*EPSMCH,0
1.5,5.0,2000,8,clean,50,cdf,1.4822232117219403,4.6277560052251125,True,False,50,CONVERGENCE: NORM OF PROJECTED GRADIENT <= PGTOL,0
1.5,5.0,2000,8,noisy,50,mle,1.4777740297091386,4.537709715378796,True,False,50,CONVERGENCE: RELATIVE REDUCTION OF F <= FACTR*EPSMCH,0
1.5,5.0,2000,8,noisy,50,cdf,1.4426065412975166,4.259642687425032,True,False,50,CONVERGENCE: NORM OF PROJECTED GRADIENT <= PGTOL,0
1.5,5.0,2000,9,clean,50,mle,1.5471605394890182,5.848531539248508,True,False,49,CONVERGENCE: RELATIVE REDUCTION OF F <= FACTR*EPSMCH,0
1.5,5.0,2000,9,clean,50,cdf,1.4911868181035584,5.287082177707306,True,False,49,CONVERGENCE: NORM OF PROJECTED GRADIENT <= PGTOL,0
1.5,5.0,2000,9,noisy,50,mle,1.5473933020810244,5.822771482455025,True,False,49,CONVERGENCE: RELATIVE REDUCTION OF F <= FACTR*EPSMCH,0
1.5,5.0,2000,9,noisy,50,cdf,1.4975565196318887,5.319844311226952,True,False,49,CONVERGENCE: NORM OF PROJECTED GRADIENT <= PGTOL,0
1.9,2.0,2000,0,clean,50,mle,1.9127647009350586,2.093903786880355,True,False,48,CONVERGENCE: RELATIVE REDUCTION OF F <= FACTR*EPSMCH,0
1.9,2.0,2000,0,clean,50,cdf,1.8969344463168132,2.0058299390895318,True,False,48,CONVERGENCE: NORM OF PROJECTED GRADIENT <= PGTOL,0
1.9,2.0,2000,0,noisy,50,mle,1.912198378449631,2.0892509801003505,True,False,48,CONVERGENCE: RELATIVE REDUCTION OF F <= FACTR*EPSMCH,0
1.9,2.0,2000,0,noisy,50,cdf,1.8960033661703013,1.9992715848684022,True,False,48,CONVERGENCE: NORM OF PROJECTED GRADIENT <= PGTOL,0
1.9,2.0,2000,1,clean,50,mle,1.8884194745681362,1.734969662618954,True,False,49,CONVERGENCE: RELATIVE REDUCTION OF F <= FACTR*EPSMCH,0
1.9,2.0,2000,1,clean,50,cdf,1.9021130837757134,1.800057200425589,True,False,49,CONVERGENCE: NORM OF PROJECTED GRADIENT <= PGTOL,0
1.9,2.0,2000,1,noisy,50,mle,1.8881343817966865,1.7291746235009064,True,False,49,CONVERGENCE: RELATIVE REDUCTION OF F <= FACTR*EPSMCH,0
1.9,2.0,2000,1,noisy,50,cdf,1.9023729971165713,1.7970828929837142,True,False,49,CONVERGENCE: NORM OF PROJECTED GRADIENT <= PGTOL,0
1.9,2.0,2000,2,clean,50,mle,1.9104785875889194,1.899051654361355,True,False,50,CONVERGENCE: RELATIVE REDUCTION OF F <= FACTR*EPSMCH,0
1.9,2.0,2000,2,clean,50,cdf,1.9064928723671934,1.876692595205499,True,False,50,CONVERGENCE: NORM OF PROJECTED GRADIENT <= PGTOL,0
1.9,2.0,2000,2,noisy,50,mle,1.9084496467980196,1.8793938612619587,True,False,49,CONVERGENCE: RELATIVE REDUCTION OF F <= FACTR*EPSMCH,0
1.9,2.0,2000,2,noisy,50,cdf,1.8998812440439257,1.8338849511930984,True,False,49,CONVERGENCE: NORM OF PROJECTED GRADIENT <= PGTOL,0
1.9,2.0,2000,3,clean,50,mle,1.8809976756548088,1.7429630076843812,True,False,50,CONVERGENCE: RELATIVE REDUCTION OF F <= FACTR*EPSMCH,0
1.9,2.0,2000,3,clean,50,cdf,1.910276151249745,1.8885287658362766,True,False,50,CONVERGENCE: NORM OF PROJECTED GRADIENT <= PGTOL,0
1.9,2.0,2000,3,noisy,50,mle,1.879756215883399,1.7266683005002983,True,False,50,CONVERGENCE: RELATIVE REDUCTION OF F <= FACTR*EPSMCH,0
1.9,2.0,2000,3,noisy,50,cdf,1.9072182639996746,1.8609087795602408,True,False,50,CONVERGENCE: NORM OF PROJECTED GRADIENT <= PGTOL,0
1.9,2.0,2000,4,clean,50,mle,1.9134330653678866,2.0780137951457474,True,False,49,CONVERGENCE: RELATIVE REDUCTION OF F <= FACTR*EPSMCH,0
1.9,2.0,2000,4,clean,50,cdf,1.9040735379032734,2.012222462032128,True,False,49,CONVERGENCE: NORM OF PROJECTED GRADIENT <= PGTOL,0
1.9,2.0,2000,4,noisy,50,mle,1.9123039423454227,2.069482080521116,True,False,49,CONVERGENCE: RELATIVE REDUCTION OF F <= FACTR*EPSMCH,0
1.9,2.0,2000,4,noisy,50,cdf,1.901083706545242,1.9955926624732385,True,False,49,CONVERGENCE: NORM OF PROJECTED GRADIENT <= PGTOL,0
1.9,2.0,2000,5,clean,50,mle,1.9090820495405563,2.0198948317745136,True,False,50,CONVERGENCE: RELATIVE REDUCTION OF F <= FACTR*EPSMCH,0
1.9,2.0,2000,5,clean,50,cdf,1.8988887910883439,1.955672949531956,True,False,50,CONVERGENCE: NORM OF PROJECTED GRADIENT <= PGTOL,0
1.9,2.0,2000,5,noisy,50,mle,1.906239685216451,1.9780608042458814,True,False,50,CONVERGENCE: RELATIVE REDUCTION OF F <= FACTR*EPSMCH,0
1.9,2.0,2000,5,noisy,50,cdf,1.893215907193342,1.901111619050143,True,False,50,CONVERGENCE: NORM OF PROJECTED GRADIENT <= PGTOL,0
1.9,2.0,2000,6,clean,50,mle,1.8808285742113529,1.9726309560789244,True,False,50,CONVERGENCE: NORM OF PROJECTED GRADIENT <= PGTOL,0
1.9,2.0,2000,6,clean,50,cdf,1.873979897805711,1.9363379472907252,True,False,50,CONVERGENCE: NORM OF PROJECTED GRADIENT <= PGTOL,0
1.9,2.0,2000,6,noisy,50,mle,1.8766826424771448,1.9240711920601743,True,False,50,CONVERGENCE: RELATIVE REDUCTION OF F <= FACTR*EPSMCH,0
1.9,2.0,2000,6,noisy,50,cdf,1.8656460474064418,1.8685668970921696,True,False,50,CONVERGENCE: NORM OF PROJECTED GRADIENT <= PGTOL,0
1.9,2.0,2000,7,clean,50,mle,1.9094031246461365,2.0528323419843595,True,False,50,CONVERGENCE: RELATIVE REDUCTION OF F <= FACTR*EPSMCH,0
1.9,2.0,2000,7,clean,50,cdf,1.9007324128895209,2.0036027813391057,True,False,50,CONVERGENCE: NORM OF PROJECTED GRADIENT <= PGTOL,0
1.9,2.0,2000,7,noisy,50,mle,1.9051255651880283,2.0015029971850637,True,False,50,CONVERGENCE: RELATIVE REDUCTION OF F <= FACTR*EPSMCH,0
1.9,2.0,2000,7,noisy,50,cdf,1.8874017481295804,1.9062265336069097,True,False,50,CONVERGENCE: NORM OF PROJECTED GRADIENT <= PGTOL,0
1.9,2.0,2000,8,clean,50,mle,1.9173831641629702,2.195134088478503,True,False,49,CONVERGENCE: RELATIVE REDUCTION OF F <= FACTR*EPSMCH,0
1.9,2.0,2000,8,clean,50,cdf,1.9261842251668815,2.246825921820219,True,False,49,CONVERGENCE: NORM OF PROJECTED GRADIENT <= PGTOL,0
1.9,2.0,2000,8,noisy,50,mle,1.9141847866027037,2.141893768647866,True,False,49,CONVERGENCE: RELATIVE REDUCTION OF F <= FACTR*EPSMCH,0
1.9,2.0,2000,8,noisy,50,cdf,1.9209233944757005,2.1787167119706043,True,False,49,CONVERGENCE: NORM OF PROJECTED GRADIENT <= PGTOL,0
1.9,2.0,2000,9,clean,50,mle,1.8842875029608948,1.8975484660630173,True,False,50,CONVERGENCE: RELATIVE REDUCTION OF F <= FACTR*EPSMCH,0
1.9,2.0,2000,9,clean,50,cdf,1.8934596490033135,1.9451412085376107,True,False,50,CONVERGENCE: NORM OF PROJECTED GRADIENT <= PGTOL,0
1.9,2.0,2000,9,noisy,50,mle,1.8797464876179513,1.8513577160595007,True,False,50,CONVERGENCE: RELATIVE REDUCTION OF F <= FACTR*EPSMCH,0
1.9,2.0,2000,9,noisy,50,cdf,1.8834904949261415,1.8687160710802053,True,False,50,CONVERGENCE: NORM OF PROJECTED GRADIENT <= PGTOL,0
1.9,5.0,2000,0,clean,50,mle,1.889252177101242,5.097149261631944,True,False,49,CONVERGENCE: RELATIVE REDUCTION OF F <= FACTR*EPSMCH,0
1.9,5.0,2000,0,clean,50,cdf,1.8827551606102269,5.0031249668915905,True,False,49,CONVERGENCE: NORM OF PROJECTED GRADIENT <= PGTOL,0
1.9,5.0,2000,0,noisy,50,mle,1.8863956212177915,5.002295925783059,True,False,49,CONVERGENCE: RELATIVE REDUCTION OF F <= FACTR*EPSMCH,0
1.9,5.0,2000,0,noisy,50,cdf,1.874884641059596,4.847000662186014,True,False,49,CONVERGENCE: NORM OF PROJECTED GRADIENT <= PGTOL,0
1.9,5.0,2000,1,clean,50,mle,1.8812982296066507,4.697507699076059,True,False,50,CONVERGENCE: RELATIVE REDUCTION OF F <= FACTR*EPSMCH,0
1.9,5.0,2000,1,clean,50,cdf,1.9192928927161637,5.203174847075471,True,False,50,CONVERGENCE: NORM OF PROJECTED GRADIENT <= PGTOL,0
1.9,5.0,2000,1,noisy,50,mle,1.8783247930266311,4.62621195360386,True,False,50,CONVERGENCE: NORM OF PROJECTED GRADIENT <= PGTOL,0
1.9,5.0,2000,1,noisy,50,cdf,1.910400253000467,5.041740044340668,True,False,50,CONVERGENCE: NORM OF PROJECTED GRADIENT <= PGTOL,0
1.9,5.0,2000,2,clean,50,mle,1.8588592553974366,4.388967132578814,True,False,50,CONVERGENCE: RELATIVE REDUCTION OF F <= FACTR*EPSMCH,0
1.9,5.0,2000,2,clean,50,cdf,1.863717611724424,4.441798750221369,True,False,50,CONVERGENCE: NORM OF PROJECTED GRADIENT <= PGTOL,0
1.9,5.0,2000,2,noisy,50,mle,1.8539470776266942,4.252573806281144,True,False,50,CONVERGENCE: RELATIVE REDUCTION OF F <= FACTR*EPSMCH,0
1.9,5.0,2000,2,noisy,50,cdf,1.8508631111892349,4.217403687833353,True,False,50,CONVERGENCE: NORM OF PROJECTED GRADIENT <= PGTOL,0
1.9,5.0,2000,3,clean,50,mle,1.917042094770894,5.010863184117996,True,False,48,CONVERGENCE: RELATIVE REDUCTION OF F <= FACTR*EPSMCH,0
1.9,5.0,2000,3,clean,50,cdf,1.9067179297736752,4.862652899496136,True,False,48,CONVERGENCE: NORM OF PROJECTED GRADIENT <= PGTOL,0
1.9,5.0,2000,3,noisy,50,mle,1.9173789098533005,5.003159305872437,True,False,47,CONVERGENCE: RELATIVE REDUCTION OF F <= FACTR*EPSMCH,0
1.9,5.0,2000,3,noisy,50,cdf,1.9118709625227044,4.9233549068741915,True,False,47,CONVERGENCE: NORM OF PROJECTED GRADIENT <= PGTOL,0
1.9,5.0,2000,4,clean,50,mle,1.8387144345610489,4.168347824460272,True,False,49,CONVERGENCE: RELATIVE REDUCTION OF F <= FACTR*EPSMCH,0
1.9,5.0,2000,4,clean,50,cdf,1.8333298448603124,4.101682371806349,True,False,49,CONVERGENCE: NORM OF PROJECTED GRADIENT <= PGTOL,0
1.9,5.0,2000,4,noisy,50,mle,1.8338372977508577,4.050443254436042,True,False,48,CONVERGENCE: RELATIVE REDUCTION OF F <= FACTR*EPSMCH,0
1.9,5.0,2000,4,noisy,50,cdf,1.821375609993302,3.917039838238641,True,False,48,CONVERGENCE: NORM OF PROJECTED GRADIENT <= PGTOL,0
1.9,5.0,2000,5,clean,50,mle,1.9115429334459904,5.923829611443823,True,False,49,CONVERGENCE: RELATIVE REDUCTION OF F <= FACTR*EPSMCH,0
1.9,5.0,2000,5,clean,50,cdf,1.9064465812980251,5.841248220355797,True,False,49,CONVERGENCE: NORM OF PROJECTED GRADIENT <= PGTOL,0
1.9,5.0,2000,5,noisy,50,mle,1.91209421416858,5.9283532355596185,True,False,49,CONVERGENCE: RELATIVE REDUCTION OF F <= FACTR*EPSMCH,0
1.9,5.0,2000,5,noisy,50,cdf,1.907768164002513,5.8571467239803505,True,False,49,CONVERGENCE: NORM OF PROJECTED GRADIENT <= PGTOL,0
1.9,5.0,2000,6,clean,50,mle,1.89047825580566,4.737705031309279,True,False,49,CONVERGENCE: NORM OF PROJECTED GRADIENT <= PGTOL,0
1.9,5.0,2000,6,clean,50,cdf,1.8869623469674341,4.694232591246704,True,False,49,CONVERGENCE: NORM OF PROJECTED GRADIENT <= PGTOL,0
1.9,5.0,2000,6,noisy,50,mle,1.8886566381316712,4.681309367211875,True,False,49,CONVERGENCE: RELATIVE REDUCTION OF F <= FACTR*EPSMCH,0
1.9,5.0,2000,6,noisy,50,cdf,1.8841222519770502,4.625401024764657,True,False,49,CONVERGENCE: NORM OF PROJECTED GRADIENT <= PGTOL,0
1.9,5.0,2000,7,clean,50,mle,1.9051658821638304,5.166278075141636,True,False,48,CONVERGENCE: RELATIVE REDUCTION OF F <= FACTR*EPSMCH,0
1.9,5.0,2000,7,clean,50,cdf,1.9094414803274204,5.208186302601373,True,False,48,CONVERGENCE: NORM OF PROJECTED GRADIENT <= PGTOL,0
1.9,5.0,2000,7,noisy,50,mle,1.9016959589071314,5.059475497464215,True,False,48,CONVERGENCE: RELATIVE REDUCTION OF F <= FACTR*EPSMCH,0
1.9,5.0,2000,7,noisy,50,cdf,1.899945927378367,5.01803825608138,True,False,48,CONVERGENCE: NORM OF PROJECTED GRADIENT <= PGTOL,0
1.9,5.0,2000,8,clean,50,mle,1.8794712047435762,4.720378795401337,True,False,50,CONVERGENCE: RELATIVE REDUCTION OF F <= FACTR*EPSMCH,0
1.9,5.0,2000,8,clean,50,cdf,1.8750728724113026,4.664995672551101,True,False,50,CONVERGENCE: NORM OF PROJECTED GRADIENT <= PGTOL,0
1.9,5.0,2000,8,noisy,50,mle,1.8785968334231427,4.682500645785043,True,False,50,CONVERGENCE: RELATIVE REDUCTION OF F <= FACTR*EPSMCH,0
1.9,5.0,2000,8,noisy,50,cdf,1.8712426180684183,4.592337781963764,True,False,50,CONVERGENCE: NORM OF PROJECTED GRADIENT <= PGTOL,0
1.9,5.0,2000,9,clean,50,mle,1.9144668804612544,5.472330957297644,True,False,48,CONVERGENCE: RELATIVE REDUCTION OF F <= FACTR*EPSMCH,0
1.9,5.0,2000,9,clean,50,cdf,1.9168473545897426,5.509356026799195,True,False,48,CONVERGENCE: NORM OF PROJECTED GRADIENT <= PGTOL,0
1.9,5.0,2000,9,noisy,50,mle,1.9108827492030929,5.353272506391847,True,False,48,CONVERGENCE: RELATIVE REDUCTION OF F <= FACTR*EPSMCH,0
1.9,5.0,2000,9,noisy,50,cdf,1.9051622954775045,5.271405133378969,True,False,48,CONVERGENCE: NORM OF PROJECTED GRADIENT <= PGTOL,0
