q_true,b_true,method,condition,valid_at_all_bins,mean_q_10,mean_q_50,mean_q_100,mean_q_200,span_mean_q,mean_b_10,mean_b_50,mean_b_100,mean_b_200,span_mean_b,max_failure_rate
1.5,2.0,pdf,clean,True,1.492820746973838,1.5054737053366685,1.5076946872152361,1.507866990669307,0.01504624369546903,1.9928629114343366,2.0320984801460624,2.039167049826964,2.040059726642681,0.04795089480872328,0.0
1.5,2.0,pdf,noisy,True,1.3987531546588805,1.4543969924857059,1.4538038032690843,1.4551236974811264,0.05653566420593781,1.399511319083095,1.5307743785382464,1.5292018904366231,1.5332202961326353,0.13370897704954032,0.0
1.5,2.0,qlog,clean,True,1.9620000000000002,1.52,1.522,1.538,0.4460000000000002,1.697401524773379,1.852479783727063,1.8167257365437444,1.6542419562247026,0.2048040728764151,0.0
1.5,2.0,qlog,noisy,True,1.924,1.482,1.476,1.496,0.44799999999999995,1.2629346102521286,1.4286079293025444,1.3721426884464283,1.2544321745384686,0.17417575476407587,0.0
1.5,5.0,pdf,clean,True,1.5084218722648548,1.5191014876124853,1.5193059104067435,1.518772191756479,0.010884038141888652,5.168353695751669,5.264297049408687,5.26308601729147,5.2602841454872244,0.09594335365701756,0.0
1.5,5.0,pdf,noisy,True,1.4082032809310256,1.460876249277716,1.4618016864932946,1.4620694336658064,0.05505041381742326,3.6087208778084388,3.918427673688478,3.9322667299006056,3.9362639886786575,0.3357872733924836,0.0
1.5,5.0,qlog,clean,True,2.008,1.54,1.544,1.5619999999999998,0.47399999999999975,4.025777077368792,4.74417145922841,4.6603340291201105,4.193392868959096,0.7183943818596177,0.0
1.5,5.0,qlog,noisy,True,1.964,1.496,1.502,1.528,0.474,2.959416466216646,3.635354728678421,3.5814358691084784,3.2521881572915867,0.6759382624617754,0.0
1.9,2.0,pdf,clean,True,1.9000714940318875,1.9078707339032044,1.9078265495225781,1.907606681190483,0.008694040981727547,1.9656906188468635,2.0021803196247427,2.0043495702821565,2.000972050400203,0.04451586031758703,0.0
1.9,2.0,pdf,noisy,True,1.8368374076761338,1.8621307658894182,1.8626849225530886,1.8631810133091755,0.027401703881059447,1.3931953119449365,1.475391941519837,1.4755250126510038,1.4761428891347053,0.08785422456243275,0.0
1.9,2.0,qlog,clean,True,2.394,1.936,1.9300000000000002,1.9419999999999997,0.4660000000000004,0.5055900116913119,1.5789257151818201,1.4013381103814764,1.063925441298303,1.0733357034905082,0.0
1.9,2.0,qlog,noisy,True,2.364,1.8979999999999997,1.906,1.9179999999999997,0.4660000000000002,0.3327844884246506,1.171365913519629,1.1014381429848892,0.8480460488761074,0.8601968053845302,0.0
1.9,5.0,pdf,clean,True,1.885721297363099,1.8943299845623276,1.894190520326298,1.894351579919995,0.009218331060414142,4.844959050966924,5.007711309401905,5.008333396868264,5.006733197036685,0.17219114945810432,0.0
1.9,5.0,pdf,noisy,True,1.8367927605142966,1.850308100870592,1.852055821644947,1.851943890236663,0.0168432133935994,3.6473009155421416,3.713363392210084,3.7291715895802513,3.725597267963132,0.09388593203258866,0.0
1.9,5.0,qlog,clean,True,2.406,1.938,1.932,1.948,0.48,1.0187800740829085,3.8986945523821595,3.620928163477462,2.7892317043193344,2.879914478299251,0.0
1.9,5.0,qlog,noisy,False,2.36,1.908,1.9080000000000001,1.924,0.45999999999999996,0.80335404681021,2.9546614973598664,2.7352667896521257,2.0998977177455567,2.189900489579103,0.1
