q_true,b_true,n,condition,method,repetitions,valid,failures,at_bound,mean_q_hat,sd_q,bias_q,mcse_bias_q,rmse_q,mcse_rmse_q,mean_b_hat,sd_b,bias_b,mcse_bias_b,rmse_b,mcse_rmse_b,mean_seconds
1.5,2.0,2000,clean,cdf,10,10,0,0,1.4997316594614691,0.043953295796888676,-0.00026834053853075357,0.013899252538927378,0.04169862104329748,0.00670875351301307,2.0160161349809362,0.1928664193934912,0.016016134980936104,0.060989716944470265,0.18366879630581512,0.03980398106422247,0.0
1.5,2.0,2000,clean,mle,10,10,0,0,1.5021946106271236,0.02012264286508454,0.0021946106271234942,0.006363338399580346,0.01921574864773286,0.0033513848037373855,2.0204117593921076,0.12569231175738793,0.020411759392107553,0.03974739895253072,0.12097661523164735,0.019951975861479867,0.0
1.5,2.0,2000,noisy,cdf,10,10,0,0,1.3957783445933802,0.05706381180730204,-0.10422165540661979,0.01804516172822838,0.11744276994297036,0.018551647100064527,1.3908778965949675,0.14100375754345187,-0.6091221034050325,0.04458930324794564,0.6236373870558165,0.04162750828600862,0.0
1.5,2.0,2000,noisy,mle,10,10,0,0,1.4519435423392815,0.01672588627899569,-0.04805645766071842,0.005289189652658489,0.050608328045219295,0.004616700915767505,1.5245201452150363,0.07115999513036864,-0.47547985478496396,0.022502766289845537,0.48024833442979176,0.02186600337927786,0.0
1.5,5.0,2000,clean,cdf,10,10,0,0,1.5120849661584346,0.029918972653641625,0.012084966158434574,0.009461209883779955,0.03084925994630874,0.005830916412569966,5.191487879837039,0.4452671301518543,0.19148787983704016,0.1408058298486495,0.46379321210943386,0.13169167109773044,0.0
1.5,5.0,2000,clean,mle,10,10,0,0,1.5140955814089812,0.03349096508049426,0.014095581408981239,0.01059077306915263,0.0347586778096897,0.005997122703744623,5.217326825897205,0.4035870536856302,0.2173268258972046,0.12762543238032448,0.44025584398953393,0.09492139013617164,0.0
1.5,5.0,2000,noisy,cdf,10,10,0,0,1.4070892123075853,0.06842590504629484,-0.09291078769241475,0.021638171090470094,0.11334155682224004,0.024754999891687866,3.5935044138356176,0.4139235730856723,-1.406495586164382,0.13089412681858947,1.4602839743763192,0.14541403845110698,0.0
1.5,5.0,2000,noisy,mle,10,10,0,0,1.4586776058037256,0.043367084002364345,-0.04132239419627428,0.013713876092732226,0.05831100959075907,0.017433688340670262,3.9164650115232305,0.34274744906922855,-1.0835349884767698,0.10838626012713208,1.1312719848526573,0.11281072722566024,0.0
1.9,2.0,2000,clean,cdf,10,10,0,0,1.901313506756651,0.013200029042059157,0.001313506756651006,0.004174215695327748,0.012591345839101254,0.0034826234406885397,1.967091177110864,0.11875483280367923,-0.03290882288913588,0.037553575481210584,0.11736877739311821,0.027779975541371658,0.0
1.9,2.0,2000,clean,mle,10,10,0,0,1.9007077919636721,0.015021746241942132,0.0007077919636720997,0.004750293255761191,0.014268445731943307,0.0012084002728617144,1.9686942591070111,0.15059622154087451,-0.031305740892988966,0.04762270670844755,0.1462578174355419,0.02907525601242248,0.0
1.9,2.0,2000,noisy,cdf,10,10,0,0,1.8160323372103355,0.031014398741927535,-0.08396766278966424,0.009807614028515172,0.08897343441021996,0.009659166795072711,1.3146721040031193,0.1037156131970701,-0.6853278959968807,0.03279775666237595,0.6923550827503696,0.0316685727804175,0.0
1.9,2.0,2000,noisy,mle,10,10,0,0,1.8585256111867725,0.017513568811322856,-0.041474388813227445,0.005538276740186795,0.044678602380656594,0.005792301288092612,1.4620467765725897,0.10156033650821525,-0.5379532234274104,0.032116198329911215,0.5465132407841891,0.030814722058580653,0.0
1.9,5.0,2000,clean,cdf,10,10,0,0,1.8900584075278726,0.027271423497438975,-0.009941592472127203,0.008623981328694227,0.02771629027306606,0.007682742244122922,4.9530452649045085,0.5134713028184331,-0.04695473509549153,0.16237388300402839,0.48937945204528244,0.09439018543889499,0.0
1.9,5.0,2000,clean,mle,10,10,0,0,1.8886291348057587,0.025369561553146243,-0.011370865194241552,0.008022559774778098,0.026618598072111206,0.006977722671156747,4.938335757245881,0.5141586491934866,-0.061664242754119594,0.16259124101269135,0.4916560624266346,0.09776210873937421,0.0
1.9,5.0,2000,noisy,cdf,10,10,0,0,1.8084997586267249,0.04006102617010899,-0.09150024137327487,0.012668408810115645,0.09907921783799821,0.012934496686847837,3.357757648702294,0.4483182909868092,-1.6422423512977062,0.14177069162324535,1.6964227955983784,0.1359341568032088,0.0
1.9,5.0,2000,noisy,mle,10,10,0,0,1.8482148004820291,0.02857009485761922,-0.05178519951797076,0.009034657271714075,0.05844939843379112,0.009929688456953802,3.6945139102538995,0.4039188421810541,-1.3054860897461,0.12773035311502245,1.3605621332679216,0.1223425812935356,0.0
