bins,q_true,b_true,n,condition,method,repetitions,valid,failures,at_bound,mean_q_hat,sd_q,bias_q,mcse_bias_q,rmse_q,mcse_rmse_q,mean_b_hat,sd_b,bias_b,mcse_bias_b,rmse_b,mcse_rmse_b,mean_seconds
10,1.5,2.0,2000,clean,pdf,10,10,0,0,1.492820746973838,0.037365335179619694,-0.0071792530261620465,0.0118159564703215,0.03616757000118268,0.0072441558854751415,1.9928629114343366,0.17707887774416925,-0.007137088565663308,0.0559972579178074,0.1681433141163071,0.029404333220567274,0.0
10,1.5,2.0,2000,clean,qlog,10,10,0,0,1.9620000000000002,0.040496913462633205,0.4619999999999999,0.012806248474865707,0.46359465052996457,0.012694225899079956,1.697401524773379,0.19501052393563348,-0.30259847522662114,0.06166774233393847,0.3546717231618011,0.054409295868165085,0.0
10,1.5,2.0,2000,noisy,pdf,10,10,0,0,1.3987531546588805,0.055725049858308416,-0.10124684534111965,0.017621808027869782,0.11421767269152557,0.01955994588721023,1.399511319083095,0.12683672941233343,-0.600488680916905,0.04010929559094436,0.6124258781636683,0.04259810253131086,0.0
10,1.5,2.0,2000,noisy,qlog,10,10,0,0,1.924,0.045995168828427614,0.42399999999999993,0.014544949486180965,0.4262393693689028,0.01476047817102719,1.2629346102521286,0.13885671056453547,-0.7370653897478714,0.04391034737826971,0.7487445867758274,0.04332576636850181,0.0
10,1.5,5.0,2000,clean,pdf,10,10,0,0,1.5084218722648548,0.030151414473460997,0.008421872264854757,0.009534714441190325,0.02981819826416277,0.005822572125409497,5.168353695751669,0.41150718342830467,0.16835369575166909,0.13012999731541394,0.42514387292425176,0.08132846185170428,0.0
10,1.5,5.0,2000,clean,qlog,10,10,0,0,2.008,0.10674996747332323,0.508,0.03375730373645912,0.5179961389817496,0.031873145999374415,4.025777077368792,0.7922034747293829,-0.9742229226312077,0.25051673504444927,1.2304218844835575,0.23958516746257,0.0
10,1.5,5.0,2000,noisy,pdf,10,10,0,0,1.4082032809310256,0.06511886955876062,-0.09179671906897438,0.020592394646108743,0.11064835329627819,0.02428566513772418,3.6087208778084388,0.39570777048319605,-1.3912791221915608,0.12513378425540472,1.441035659345328,0.13998288303757306,0.0
10,1.5,5.0,2000,noisy,qlog,10,10,0,0,1.964,0.13125039682479697,0.4640000000000001,0.041505019776729025,0.4804164859785726,0.03750201227029294,2.959416466216646,0.4401328026083305,-2.040583533783354,0.13918221291956223,2.0828649389450193,0.14464113537347817,0.0
10,1.9,2.0,2000,clean,pdf,10,10,0,0,1.9000714940318875,0.019117916278608475,7.149403188773107e-05,0.006045615955681298,0.018136988778429848,0.004094290440566229,1.9656906188468635,0.21156808917741854,-0.03430938115313653,0.0669037042010262,0.2036224063247385,0.030653014910549593,0.0
10,1.9,2.0,2000,clean,qlog,10,10,0,0,2.394,0.07121173436387516,0.4940000000000001,0.02251912767207273,0.49859803449271656,0.02324480389672098,0.5055900116913119,0.2670810748832886,-1.4944099883086883,0.08445845165571815,1.5157375378545932,0.08319783085375164,0.0
10,1.9,2.0,2000,noisy,pdf,10,10,0,0,1.8368374076761338,0.025320361498047412,-0.0631625923238659,0.008007001351266288,0.067576043867805,0.008346283231401633,1.3931953119449365,0.13591302972768657,-0.6068046880550637,0.0429794737633664,0.6203523562705201,0.039348928033476366,0.0
10,1.9,2.0,2000,noisy,qlog,10,10,0,0,2.364,0.0716782936304832,0.46400000000000025,0.022666666666666644,0.4689562879416377,0.023939180309828285,0.3327844884246506,0.19469398087364295,-1.6672155115753493,0.06156764262859708,1.6774154922400824,0.05954686411576211,0.0
10,1.9,5.0,2000,clean,pdf,10,10,0,0,1.885721297363099,0.026027998110385926,-0.014278702636901053,0.00823077569633782,0.028523540559752973,0.007470303544808667,4.844959050966924,0.5224412563042081,-0.15504094903307547,0.16521043135610997,0.5193150060771632,0.08160537484022902,0.0
10,1.9,5.0,2000,clean,qlog,10,10,0,0,2.406,0.08382521498133283,0.5060000000000002,0.026507860469428053,0.5122108940661065,0.02890369510970114,1.0187800740829085,0.5542429403307805,-3.9812199259170917,0.1752670068514063,4.015791181291073,0.1757710317557162,0.0
10,1.9,5.0,2000,noisy,pdf,10,10,0,0,1.8367927605142966,0.03551412003160223,-0.0632072394857032,0.011230550839647406,0.07162599090316435,0.01236421550649291,3.6473009155421416,0.5020123658825597,-1.3526990844578586,0.1587502489758693,1.4340884167450183,0.1486298622231029,0.0
10,1.9,5.0,2000,noisy,qlog,10,9,1,0,2.36,0.05744562646538034,0.4600000000000001,0.01914854215512678,0.46317743180484666,0.020071474728661644,0.80335404681021,0.3166154022367689,-4.19664595318979,0.1055384674122563,4.207249006328728,0.10406426283137553,0.0
20,1.5,2.0,2000,clean,pdf,10,10,0,0,1.502521607288063,0.036981693553332015,0.002521607288063077,0.01169463833588948,0.03517441677669319,0.0058298050979523714,2.02315548471876,0.1782426378762882,0.023155484718760035,0.056365271184566836,0.17067387214787322,0.02709899134309223,0.0
20,1.5,2.0,2000,clean,qlog,10,10,0,0,1.608,0.03675746333890729,0.1080000000000001,0.011623730516108472,0.11349008767288896,0.01051076545624488,1.6964653913945758,0.1528801535313715,-0.3035346086054243,0.0483449494195368,0.3364050621358815,0.043764568756242704,0.0
20,1.5,2.0,2000,noisy,pdf,10,10,0,0,1.4402129788421536,0.03017983272995653,-0.0597870211578462,0.009543701082956,0.06628897323217556,0.009310682933409066,1.492981830067278,0.09219209076643149,-0.507018169932722,0.029153698907490182,0.5145064315261996,0.02872072530206127,0.0
20,1.5,2.0,2000,noisy,qlog,10,10,0,0,1.5580000000000003,0.03583914681524166,0.05800000000000005,0.011333333333333341,0.0672309452558865,0.010753792406903577,1.2862390116048021,0.08942444192895135,-0.713760988395198,0.028278491498494738,0.718784951350377,0.02820525340281553,0.0
20,1.5,5.0,2000,clean,pdf,10,10,0,0,1.5104384599351346,0.01964863298203427,0.010438459935134503,0.006213443313193457,0.021364066702615973,0.002820611790097228,5.182351896157411,0.3644009079344567,0.18235189615741154,0.11523368505062066,0.3908470718392478,0.09437409680480217,0.0
20,1.5,5.0,2000,clean,qlog,10,10,0,0,1.6600000000000001,0.07944250191875324,0.1600000000000001,0.025121924908555696,0.17686152775547323,0.024341746084532965,4.407307865776085,0.28761555895060886,-0.592692134223915,0.0909520256786352,0.6524832601272796,0.08287458563658673,0.0
20,1.5,5.0,2000,noisy,pdf,10,10,0,0,1.4456413043980492,0.030601155610708457,-0.054358695601950814,0.009676935076307961,0.061625120200980224,0.012115245055521152,3.8134826658741368,0.2733254418279114,-1.1865173341258628,0.0864330938648056,1.214520276329928,0.09093212549376109,0.0
20,1.5,5.0,2000,noisy,qlog,10,10,0,0,1.6000000000000003,0.10154364141151884,0.10000000000000006,0.03211091887677947,0.13885243966167835,0.02504288622143376,3.2683196978921507,0.2034494544863922,-1.7316803021078493,0.06433636648957615,1.7424032774263432,0.06628101632325965,0.0
20,1.9,2.0,2000,clean,pdf,10,10,0,0,1.9030003472839447,0.01312711468764586,0.00300034728394456,0.0041511581519210715,0.012809805222743257,0.00221711174352744,1.979426797928351,0.14327061153891504,-0.020573202071649123,0.04530614542281731,0.13746664308530318,0.021079327537539518,0.0
20,1.9,2.0,2000,clean,qlog,10,10,0,0,2.084,0.0697933457509462,0.18400000000000016,0.022070593809662482,0.19555050498528523,0.02481039208790455,1.2122656546236574,0.1604513403805939,-0.7877343453763425,0.05073916892296246,0.8023064054664097,0.05252196209867789,0.0
20,1.9,2.0,2000,noisy,pdf,10,10,0,0,1.850117792136856,0.015229105585407127,-0.049882207863144144,0.004815866037707844,0.05193233821560753,0.0052231442125783905,1.4312032247877169,0.08826719736405007,-0.568796775212283,0.02791253863500088,0.5749276126690612,0.026866340405567606,0.0
20,1.9,2.0,2000,noisy,qlog,10,10,0,0,2.052,0.07671013260609343,0.15200000000000008,0.02425787386488032,0.16852299546352723,0.02740183789228019,0.8883131425645437,0.10149949365955245,-1.1116868574354561,0.032096958131800475,1.115849273641629,0.03328099222638673,0.0
20,1.9,5.0,2000,clean,pdf,10,10,0,0,1.8908327654031882,0.02537305392753996,-0.00916723459681137,0.008023664160530717,0.025757540045622394,0.00568502757027967,4.967006629088316,0.5454372969965691,-0.03299337091168333,0.17248241793148758,0.5184980453034969,0.1009762831974892,0.0
20,1.9,5.0,2000,clean,qlog,10,10,0,0,2.1079999999999997,0.09670114327716661,0.20800000000000013,0.030579586509812563,0.22733235581412525,0.0378840953219497,2.9397905123281576,0.7050826104832663,-2.0602094876718424,0.2229666987704436,2.166077208212667,0.2795787147332626,0.0
20,1.9,5.0,2000,noisy,pdf,10,10,0,0,1.8427620190371439,0.03138668871347922,-0.05723798096285591,0.009925342454529435,0.06451975100898495,0.01034347141546796,3.660494706834372,0.4563250705096305,-1.3395052931656284,0.14430265762473649,1.4077228929717645,0.13280087955920686,0.0
20,1.9,5.0,2000,noisy,qlog,10,10,0,0,2.074,0.10068653225619499,0.17400000000000015,0.031839877163358836,0.19849433241279224,0.0409529051464279,2.1193492346005547,0.5378310624626327,-2.8806507653994453,0.17007711537702075,2.9254888239012513,0.19149792034936328,0.0
30,1.5,2.0,2000,clean,pdf,10,10,0,0,1.5019889403787086,0.020695108001343034,0.0019889403787087144,0.006544367770741895,0.019733591398896074,0.003928354665577194,2.0163127080604073,0.12643361265483075,0.016312708060407254,0.039981818879275335,0.12104964689052454,0.02387311444291192,0.0
30,1.5,2.0,2000,clean,qlog,10,10,0,0,1.536,0.022705848487901886,0.03600000000000003,0.00718021974284601,0.0419523539268061,0.007289122932926376,1.7774230190374838,0.10833590353465246,-0.22257698096251657,0.0342588207541788,0.24516017957570324,0.027841947311541472,0.0
30,1.5,2.0,2000,noisy,pdf,10,10,0,0,1.447565255700443,0.02592625982327084,-0.05243474429955706,0.008198603225085036,0.05791680467136722,0.007632224753777386,1.514162343670837,0.08354719462556114,-0.4858376563291632,0.026419942713415166,0.4922604479990601,0.025362787424903083,0.0
30,1.5,2.0,2000,noisy,qlog,10,10,0,0,1.488,0.025298221281347056,-0.01200000000000001,0.008000000000000007,0.026832815729997503,0.0036514837167011104,1.36024740225239,0.07801468049721624,-0.63975259774761,0.024670408130152068,0.6440194466478397,0.022988000979512715,0.0
30,1.5,5.0,2000,clean,pdf,10,10,0,0,1.5150942986876408,0.029746994977747618,0.015094298687640695,0.009406825767527226,0.03200364341848033,0.0058323303949261215,5.224432738374345,0.4084621194155793,0.22443273837434505,0.12916706352529153,0.44780266496742455,0.12235898884505751,0.0
30,1.5,5.0,2000,clean,qlog,10,10,0,0,1.558,0.04467164151400258,0.05800000000000005,0.014126413400278072,0.07183313998427195,0.009486832980505146,4.488239160268347,0.353962946730456,-0.5117608397316535,0.1119329118973091,0.612094721407679,0.07777272805069517,0.0
30,1.5,5.0,2000,noisy,pdf,10,10,0,0,1.4601319169210054,0.042420517230421576,-0.03986808307899459,0.013414545397054995,0.05664816239102959,0.016545077768480278,3.9238013085344727,0.34982002203391643,-1.0761986914655273,0.11062280407574641,1.126206138567155,0.1111851005712164,0.0
30,1.5,5.0,2000,noisy,qlog,10,10,0,0,1.512,0.05672545969648711,0.01200000000000001,0.017938165396098295,0.055136195008360936,0.012718269770881281,3.4384893720493386,0.30857243883135677,-1.5615106279506619,0.09757917298600732,1.5887135349736807,0.09224167891448254,0.0
30,1.9,2.0,2000,clean,pdf,10,10,0,0,1.9078157816151904,0.01409697979220173,0.007815781615190476,0.004457856427272461,0.01548995795965628,0.003572387791444289,2.0078810207572895,0.14900037637266503,0.00788102075728998,0.0471180561559959,0.1415736961142609,0.03200326943110118,0.0
30,1.9,2.0,2000,clean,qlog,10,10,0,0,1.9760000000000002,0.044020197384584514,0.07600000000000007,0.013920408678547411,0.08671793355471528,0.016824781902063695,1.446261814008573,0.12096445501190922,-0.553738185991427,0.03825231937586034,0.5655043218789505,0.03499586873557621,0.0
30,1.9,2.0,2000,noisy,pdf,10,10,0,0,1.8597772239090258,0.01673196277586156,-0.04022277609097402,0.0052911112096875905,0.04324158226712069,0.005924901458116116,1.4632697045367062,0.09637046812450778,-0.5367302954632936,0.030475017845009982,0.544461156081862,0.029638102472668744,0.0
30,1.9,2.0,2000,noisy,qlog,10,10,0,0,1.9439999999999997,0.048808013913928375,0.04400000000000004,0.01543444920372031,0.06387487769068531,0.019362385203902804,1.085993101338622,0.056554241847837396,-0.9140068986613779,0.017884021558317587,0.9155802285133048,0.017499858535771816,0.0
30,1.9,5.0,2000,clean,pdf,10,10,0,0,1.889346763282531,0.024958167866001493,-0.010653236717468807,0.007892465668138882,0.025963639603552968,0.006754423112205297,4.929101015527818,0.5204483153698783,-0.0708989844721823,0.16458020809664337,0.49880504214913135,0.09099010529168824,0.0
30,1.9,5.0,2000,clean,qlog,10,10,0,0,1.9780000000000002,0.08024961059095546,0.07800000000000003,0.025377155080899022,0.10899541274750968,0.03493572742201094,3.394764160529148,0.461043000186443,-1.605235839470852,0.14579459798665945,1.6637567981951316,0.15570696793540834,0.0
30,1.9,5.0,2000,noisy,pdf,10,10,0,0,1.8461262873214224,0.028458744212961212,-0.053873712678577636,0.008999445106109338,0.06026016119904439,0.009784549542159217,3.685666126567432,0.4277954482018483,-1.3143338734325685,0.1352807988970424,1.3755659132896023,0.12495444960574381,0.0
30,1.9,5.0,2000,noisy,qlog,10,10,0,0,1.9479999999999997,0.07899367063252606,0.04800000000000004,0.024979991993593614,0.08899438184514803,0.03198063387053084,2.617656237299591,0.39940318523070345,-2.382343762700409,0.12630237700551467,2.412287797426487,0.13461439067182887,0.0
40,1.5,2.0,2000,clean,pdf,10,10,0,0,1.5027139597761134,0.02249737529453594,0.0027139597761137056,0.007114294730633502,0.02151474571765234,0.003432865185647916,2.0224387481110546,0.13349426313069673,0.02243874811105475,0.04221459260588416,0.1286162659880868,0.019482408365439942,0.0
40,1.5,2.0,2000,clean,qlog,10,10,0,0,1.52,0.023094010767585053,0.020000000000000018,0.007302967433402222,0.02966479394838268,0.005928871321888779,1.8138196821741825,0.12128251871220835,-0.18618031782581732,0.03835289994925699,0.2188643761702251,0.0329612181049225,0.0
40,1.5,2.0,2000,noisy,pdf,10,10,0,0,1.4522914372990483,0.020095867892239123,-0.04770856270095183,0.006354871409732279,0.051376711365157916,0.005176440485565907,1.523701636046219,0.07976216575657738,-0.4762983639537809,0.025223011489867192,0.48227163951720203,0.024560949441210237,0.0
40,1.5,2.0,2000,noisy,qlog,10,10,0,0,1.4780000000000002,0.027406406388125977,-0.02200000000000002,0.008666666666666673,0.034058772731852836,0.004986572007215157,1.3942175610617498,0.08587809051935767,-0.6057824389382503,0.027157036714728265,0.6112363741745912,0.02659992688471441,0.0
40,1.5,5.0,2000,clean,pdf,10,10,0,0,1.5178235380694405,0.028153796690065215,0.01782353806944057,0.008903012232191568,0.03210998521600051,0.00368760189439254,5.242799773752984,0.38232392849538005,0.2427997737529834,0.1209014418028753,0.43647011100947836,0.095759234422812,0.0
40,1.5,5.0,2000,clean,qlog,10,10,0,0,1.5459999999999998,0.041150131632029276,0.04600000000000004,0.013012814197295434,0.06033241251599348,0.008776842657412012,4.707430437421492,0.35938865822809773,-0.2925695625785079,0.11364867252326022,0.4492673322689651,0.06673017802864631,0.0
40,1.5,5.0,2000,noisy,pdf,10,10,0,0,1.4579476927146071,0.04016991729025274,-0.0420523072853928,0.012702843205777775,0.05675082887165853,0.015153507861210284,3.9037177739565365,0.33092968933095723,-1.096282226043463,0.1046491563657748,1.1403498289960965,0.10699507149692192,0.0
40,1.5,5.0,2000,noisy,qlog,10,10,0,0,1.498,0.05452828012447613,-0.0020000000000000018,0.01724335620850343,0.05176871642217919,0.013171278869748258,3.5796480756215807,0.2994124593531403,-1.4203519243784202,0.09468253313885085,1.4484759672910652,0.09425473186947338,0.0
40,1.9,2.0,2000,clean,pdf,10,10,0,0,1.905784624229581,0.014470070882230951,0.005784624229581081,0.0045758381891931885,0.01489652757123504,0.002848353822625157,1.9864153832654032,0.1568669270799507,-0.013584616734596388,0.04960567791241902,0.1494357766473002,0.031230475908504352,0.0
40,1.9,2.0,2000,clean,qlog,10,10,0,0,1.9439999999999997,0.03098386676965936,0.04400000000000004,0.00979795897113272,0.05291502622129186,0.009660917830792967,1.5229058912423015,0.10352758799588105,-0.47709410875769864,0.03273829787304907,0.4870985053764005,0.030811008256499624,0.0
40,1.9,2.0,2000,noisy,pdf,10,10,0,0,1.8604078934442498,0.01582457605338903,-0.03959210655575007,0.005004170333526762,0.04234277255995895,0.00516951836796653,1.465286722572423,0.09492751852194052,-0.534713277427577,0.030018717115715254,0.542243856076582,0.029529558090342318,0.0
40,1.9,2.0,2000,noisy,qlog,10,10,0,0,1.9099999999999997,0.03800584750330463,0.010000000000000009,0.01201850425154664,0.037416573867739444,0.00866483497127125,1.1511168718675544,0.05045420397129184,-0.8488831281324456,0.01595502020799949,0.8502315150924864,0.016166023427660083,0.0
40,1.9,5.0,2000,clean,pdf,10,10,0,0,1.8949396284235132,0.02433187182662508,-0.005060371576486889,0.007694413470741686,0.023631405976384405,0.005716485595895326,5.017150200425029,0.5396310934063445,0.017150200425028572,0.1706463351411119,0.5122261948089465,0.1252689367515944,0.0
40,1.9,5.0,2000,clean,qlog,10,10,0,0,1.9460000000000002,0.05501514942874074,0.04600000000000004,0.0173973178009332,0.0695701085237044,0.022540444213554302,3.7757893802932463,0.4173927291018186,-1.2242106197067533,0.1319911702755393,1.2866571659455948,0.12230949843777035,0.0
40,1.9,5.0,2000,noisy,pdf,10,10,0,0,1.8520048749556952,0.027445564683654954,-0.04799512504430466,0.00867904960698283,0.05460279431258678,0.009556871212027893,3.7323407111550653,0.41073819835384245,-1.2676592888449345,0.12988682288321646,1.3261958201649973,0.12113128964706693,0.0
40,1.9,5.0,2000,noisy,qlog,10,10,0,0,1.92,0.0603692342542495,0.020000000000000018,0.019090428084368487,0.06066300355241246,0.02025680538118507,2.9315750318688316,0.3547313055662982,-2.0684249681311684,0.11217588829546679,2.095622274653121,0.11061852960326513,0.0
50,1.5,2.0,2000,clean,pdf,10,10,0,0,1.5054737053366685,0.021984919420865483,0.0054737053366685105,0.006952241954520486,0.021563034662598554,0.003878871692358843,2.0320984801460624,0.12633982890561832,0.03209848014606283,0.039952161853773205,0.12408017391508608,0.02162923573501829,0.0
50,1.5,2.0,2000,clean,qlog,10,10,0,0,1.52,0.021081851067789214,0.020000000000000018,0.006666666666666672,0.028284271247461926,0.005962847939999444,1.852479783727063,0.11529674467786624,-0.14752021627293688,0.03646003199849539,0.18364699727791858,0.03164446322620842,0.0
50,1.5,2.0,2000,noisy,pdf,10,10,0,0,1.4543969924857059,0.019205662929590417,-0.04560300751429418,0.006073363883096776,0.04910810558408164,0.005283310517806842,1.5307743785382464,0.07243040725757469,-0.4692256214617535,0.022904505878752607,0.47423014596513907,0.021664176059723234,0.0
50,1.5,2.0,2000,noisy,qlog,10,10,0,0,1.482,0.01988857852023508,-0.018000000000000016,0.006289320754704408,0.026076809620810618,0.003968832824260571,1.4286079293025444,0.07335825870841774,-0.5713920706974555,0.023197918270248186,0.5756146186161222,0.022276538544437764,0.0
50,1.5,5.0,2000,clean,pdf,10,10,0,0,1.5191014876124853,0.030701838278120373,0.01910148761248547,0.009708773731300246,0.03483115581344104,0.004777916919355604,5.264297049408687,0.3848455084176379,0.2642970494086862,0.12169883538852383,0.45071985660767677,0.10314144138937248,0.0
50,1.5,5.0,2000,clean,qlog,10,10,0,0,1.54,0.043204937989385774,0.040000000000000036,0.013662601021279476,0.057271284253105466,0.008244239181076496,4.74417145922841,0.35401091818594566,-0.2558285407715905,0.11194808180351118,0.4221843192832865,0.06588826145818973,0.0
50,1.5,5.0,2000,noisy,pdf,10,10,0,0,1.460876249277716,0.04348292940840351,-0.03912375072228382,0.013750509626687306,0.056853816982872715,0.019794270721045285,3.918427673688478,0.33432901638706425,-1.0815723263115213,0.10572411796668812,1.127118893072698,0.11325697288829213,0.0
50,1.5,5.0,2000,noisy,qlog,10,10,0,0,1.496,0.05561774297230455,-0.003999999999999981,0.017587874611030552,0.0529150262212918,0.017941704542901185,3.635354728678421,0.26797614173227824,-1.3646452713215786,0.08474149664580988,1.3881234843573145,0.08738445200302547,0.0
50,1.9,2.0,2000,clean,pdf,10,10,0,0,1.9078707339032044,0.012471708737501787,0.007870733903204408,0.003943900592472868,0.014210475682566781,0.0030423230441141967,2.0021803196247427,0.1529295126773098,0.002180319624742899,0.04836055815198937,0.14509805669482123,0.02569676398497127,0.0
50,1.9,2.0,2000,clean,qlog,10,10,0,0,1.936,0.022705848487901886,0.03600000000000003,0.00718021974284601,0.0419523539268061,0.007289122932926377,1.5789257151818201,0.08217827275027358,-0.4210742848181798,0.0259870516069414,0.42823065630117857,0.027131196897707734,0.0
50,1.9,2.0,2000,noisy,pdf,10,10,0,0,1.8621307658894182,0.015501407964862749,-0.03786923411058185,0.004901975610844165,0.04062441600965921,0.005361992081563642,1.475391941519837,0.09584043854083725,-0.5246080584801626,0.030307407773843015,0.5324288362927535,0.029584866210226934,0.0
50,1.9,2.0,2000,noisy,qlog,10,10,0,0,1.8979999999999997,0.0257336787541584,-0.0020000000000000018,0.008137703743822475,0.024494897427831803,0.003496029493900508,1.171365913519629,0.04459359003610616,-0.8286340864803708,0.014101731355788573,0.8297133111637033,0.014033782730234767,0.0
50,1.9,5.0,2000,clean,pdf,10,10,0,0,1.8943299845623276,0.02472573780173622,-0.0056700154376722045,0.007818964828161126,0.024132446496773343,0.006962060172018898,5.007711309401905,0.5033088282380886,0.007711309401904653,0.15916022637028315,0.4775429438457341,0.1117183671436798,0.0
50,1.9,5.0,2000,clean,qlog,10,10,0,0,1.938,0.053707024162994256,0.038000000000000034,0.016983652270476008,0.06356099432828287,0.01961370617060874,3.8986945523821595,0.4513867222953545,-1.1013054476178399,0.14274101480112275,1.1816296647896158,0.11484018032620105,0.0
50,1.9,5.0,2000,noisy,pdf,10,10,0,0,1.850308100870592,0.02909742094931559,-0.04969189912940795,0.009201412423653608,0.05684433792734996,0.010434904514947786,3.713363392210084,0.41446301715502454,-1.2866366077899158,0.13106471401153177,1.3453755586584226,0.12679739351344999,0.0
50,1.9,5.0,2000,noisy,qlog,10,10,0,0,1.908,0.058271395689099136,0.008000000000000007,0.018427033281447017,0.05585696017507581,0.016630730488502214,2.9546614973598664,0.2870030469600726,-2.0453385026401336,0.09075833238020939,2.063381512093707,0.08921136901141194,0.0
60,1.5,2.0,2000,clean,pdf,10,10,0,0,1.5054713532084922,0.022997581752452617,0.005471353208492546,0.007272473901367688,0.022493012153705628,0.005499064630693151,2.031326649147288,0.13737028564896933,0.03132664914728809,0.04344029854786846,0.1340331853987988,0.02931017495709,0.0
60,1.5,2.0,2000,clean,qlog,10,10,0,0,1.516,0.026331223544175355,0.016000000000000014,0.008326663997864537,0.02966479394838268,0.010386471387280091,1.834128492249769,0.12675530040897603,-0.16587150775023124,0.04008354547912367,0.20487452903405975,0.028136659637171033,0.0
60,1.5,2.0,2000,noisy,pdf,10,10,0,0,1.452407483511824,0.018406785814735146,-0.04759251648817582,0.0058207367577441166,0.050694934789423184,0.005464312682058471,1.5248785472479764,0.077040859408793,-0.47512145275202355,0.024362458862859898,0.4807100576041594,0.023797100567746674,0.0
60,1.5,2.0,2000,noisy,qlog,10,10,0,0,1.4760000000000002,0.024585451886114388,-0.02400000000000002,0.007774602526460407,0.03346640106136305,0.00525538272812244,1.407302467580389,0.08000914694912009,-0.592697532419611,0.02530111380063315,0.5975380173447286,0.024536446776526777,0.0
60,1.5,5.0,2000,clean,pdf,10,10,0,0,1.5169261875495477,0.029181640535126386,0.01692618754954762,0.00922804499512942,0.03244853085813993,0.004892335090674914,5.239061107979428,0.3799395990160175,0.23906110797942706,0.1201474506181684,0.43251462675701297,0.11115844519750966,0.0
60,1.5,5.0,2000,clean,qlog,10,10,0,0,1.5340000000000003,0.041150131632029276,0.03400000000000003,0.013012814197295434,0.05176871642217918,0.006936097803254975,4.713386092397597,0.31490283147159415,-0.28661390760240274,0.09958101890863902,0.4139987270186506,0.06553275350735184,0.0
60,1.5,5.0,2000,noisy,pdf,10,10,0,0,1.4624276599957726,0.04055958227760048,-0.03757234000422756,0.01282606609422173,0.053779666013033,0.016568175155128873,3.9336022195591602,0.33571965795712244,-1.06639778044084,0.10616387744371777,1.1129425618575797,0.10930312480675014,0.0
60,1.5,5.0,2000,noisy,qlog,10,10,0,0,1.49,0.055976185412488874,-0.009999999999999986,0.01770122406313567,0.05403702434442517,0.017604223237595175,3.597092183033992,0.2954700872646645,-1.402907816966008,0.09343584562050501,1.4306371511063523,0.09884172261295651,0.0
60,1.9,2.0,2000,clean,pdf,10,10,0,0,1.908765535013615,0.01236327943971871,0.008765535013614966,0.003909612237864152,0.014642411506614073,0.0024409238012294337,2.0102064791644505,0.14800686267240926,0.010206479164450388,0.0468038795380569,0.14078210282294704,0.024002225829942866,0.0
60,1.9,2.0,2000,clean,qlog,10,10,0,0,1.9299999999999997,0.025385910352879716,0.030000000000000027,0.00802772971919487,0.03847076812334272,0.006486298796083338,1.5517645924024195,0.12465445886093313,-0.4482354075975806,0.03941920104963071,0.4635729083183034,0.041558372727993904,0.0
60,1.9,2.0,2000,noisy,pdf,10,10,0,0,1.8633799705581104,0.014049400532061574,-0.036620029441889246,0.004442810544129605,0.03897016353704585,0.004855529147665601,1.479158110373084,0.09423685489446042,-0.5208418896269162,0.029800310099728135,0.5284588918056884,0.0287617778234182,0.0
60,1.9,2.0,2000,noisy,qlog,10,10,0,0,1.9019999999999997,0.03326659986633243,0.0020000000000000018,0.010519822558706343,0.03162277660168382,0.005597618541248893,1.1929812938091808,0.10107387523815173,-0.8070187061908193,0.031962365769225315,0.8126952242827538,0.029611050029390296,0.0
60,1.9,5.0,2000,clean,pdf,10,10,0,0,1.8935931240386856,0.024934353431023078,-0.0064068759613141735,0.007884934882566705,0.024507097798485245,0.006557008175226757,5.00399042775439,0.5072788187936169,0.003990427754390425,0.16041564761476582,0.4812634865753327,0.09921748187669602,0.0
60,1.9,5.0,2000,clean,qlog,10,10,0,0,1.9260000000000002,0.05081557066709206,0.026000000000000023,0.01606929439092528,0.05477225575051666,0.022992752481307402,3.829857236004603,0.32362368264740277,-1.1701427639953965,0.10233879419373029,1.2097492084328996,0.09629070533474399,0.0
60,1.9,5.0,2000,noisy,pdf,10,10,0,0,1.8506605469028004,0.027619123663699542,-0.04933945309719963,0.00873393377551449,0.05586515930959489,0.009829983648796548,3.7160157156389957,0.39923196338820216,-1.2839842843610045,0.1262482319047672,1.3386796431625303,0.12141790620568503,0.0
60,1.9,5.0,2000,noisy,qlog,10,10,0,0,1.904,0.05872724145478735,0.0040000000000000036,0.018571184369578837,0.05585696017507581,0.022410315085295503,2.9932545363893133,0.2858312394289546,-2.0067454636106867,0.09038777430244223,2.0249831859579017,0.08577044977189359,0.0
70,1.5,2.0,2000,clean,pdf,10,10,0,0,1.5074668122872856,0.02211814698871093,0.007466812287285562,0.006994372210672109,0.022272055794792692,0.0037023810187881865,2.04081380624306,0.13653577135816491,0.04081380624305966,0.043176401957978255,0.1358071498647188,0.02394514222369014,0.0
70,1.5,2.0,2000,clean,qlog,10,10,0,0,1.526,0.026749870196985197,0.026000000000000023,0.008459051693633021,0.03633180424916993,0.008208150667095328,1.8590460291011177,0.12095920769430155,-0.14095397089888254,0.03825066002833569,0.18175818783645725,0.02937207833958514,0.0
70,1.5,2.0,2000,noisy,pdf,10,10,0,0,1.4552180897571745,0.01950793952392552,-0.04478191024282532,0.006168952135242544,0.04845537347930243,0.005322943819508832,1.532326984576632,0.07504197965602974,-0.4676730154233681,0.023730357584107284,0.47306048048300575,0.023019745934213923,0.0
70,1.5,2.0,2000,noisy,qlog,10,10,0,0,1.48,0.029814239699997223,-0.020000000000000018,0.009428090415820642,0.034641016151377574,0.004714045207910321,1.4054236723742035,0.07559353017909308,-0.5945763276257965,0.023904773173861023,0.5988855925779332,0.022899617721954223,0.0
70,1.5,5.0,2000,clean,pdf,10,10,0,0,1.5181061218513192,0.032151205125238516,0.01810612185131928,0.010167103771503285,0.03547057428911278,0.005368568734912072,5.250035299368061,0.37884946957840115,0.25003529936806046,0.1198027214214418,0.4378263119890443,0.10224816633777252,0.0
70,1.5,5.0,2000,clean,qlog,10,10,0,0,1.54,0.045215533220835165,0.040000000000000036,0.014298407059684824,0.058651513194460776,0.008024510256575242,4.743575350840831,0.33360841720001505,-0.2564246491591692,0.105496244495574,0.40733121549966234,0.07058647177003997,0.0
70,1.5,5.0,2000,noisy,pdf,10,10,0,0,1.4619720596843555,0.041264794692928625,-0.03802794031564438,0.013049073840888287,0.054576819233029754,0.016921087437887318,3.9324005253765812,0.33144744945573773,-1.0675994746234185,0.10481288649336674,1.1129421857364568,0.11001689254097399,0.0
70,1.5,5.0,2000,noisy,qlog,10,10,0,0,1.494,0.05815687596683837,-0.005999999999999983,0.01839081896551163,0.05549774770204643,0.016954654743176478,3.613952006969929,0.2881385211875669,-1.3860479930300713,0.0911174008585396,1.4127457186753851,0.09699718588350216,0.0
70,1.9,2.0,2000,clean,pdf,10,10,0,0,1.906264083414187,0.012870314395229955,0.006264083414187183,0.004069950769137919,0.013722945543459392,0.00216691663441506,1.9936039499806006,0.14532352022797593,-0.0063960500193994685,0.045955332151395585,0.13801428344253538,0.02739246136417705,0.0
70,1.9,2.0,2000,clean,qlog,10,10,0,0,1.9300000000000002,0.03018461712712475,0.030000000000000027,0.009545214042184244,0.04147288270665548,0.008292146279611853,1.523197627953809,0.10012856388080356,-0.4768023720461908,0.031663432070500756,0.48617245742968934,0.030133583278518134,0.0
70,1.9,2.0,2000,noisy,pdf,10,10,0,0,1.8620394253757901,0.01650710072261557,-0.03796057462420954,0.005220003584927652,0.04106386687393309,0.005914879190928533,1.472917430101452,0.10007876646066172,-0.5270825698985478,0.0316476847435759,0.53556532658259,0.030605558553921376,0.0
70,1.9,2.0,2000,noisy,qlog,10,10,0,0,1.8979999999999997,0.03938414796731185,-0.0020000000000000018,0.012454361128179615,0.037416573867739444,0.004235151465592226,1.1678501246429063,0.09357685868402212,-0.832149875357094,0.029591600972521653,0.8368717827062155,0.028332994189233726,0.0
70,1.9,5.0,2000,clean,pdf,10,10,0,0,1.8925475881457126,0.024229369447187957,-0.007452411854287466,0.007661999372280875,0.024163910111433064,0.006886250483783021,4.981403624847777,0.49180276579841276,-0.018596375152222587,0.1555216899493342,0.4669355304226417,0.10359526104714423,0.0
70,1.9,5.0,2000,clean,qlog,10,10,0,0,1.9280000000000002,0.058271395689099136,0.028000000000000025,0.018427033281447017,0.061967733539318726,0.02566341970804188,3.8537946586507226,0.2800072752106605,-1.1462053413492774,0.08854607510832908,1.176584187931923,0.08510145022590067,0.0
70,1.9,5.0,2000,noisy,pdf,10,10,0,0,1.8508084976681136,0.028368098964959936,-0.049191502331886384,0.008970780561833853,0.056072078940103236,0.010021978729734352,3.714249557002257,0.4137411704583406,-1.285750442997743,0.13083644604323277,1.3443280039439434,0.12089629520865804,0.0
70,1.9,5.0,2000,noisy,qlog,10,10,0,0,1.9060000000000001,0.06040603354706293,0.006000000000000028,0.019102065042525877,0.057619441163551756,0.02167701328488653,2.9587660596158925,0.3529753807820098,-2.0412339403841075,0.11162061612363766,2.06851842072301,0.10603440568895518,0.0
80,1.5,2.0,2000,clean,pdf,10,10,0,0,1.5051802395045681,0.02244358439372592,0.005180239504568029,0.007097284554238315,0.02191296223058752,0.0031898532255938646,2.031131516891774,0.12772017110637046,0.03113151689177427,0.04038866438425582,0.12510143580582644,0.020022011115455457,0.0
80,1.5,2.0,2000,clean,qlog,10,10,0,0,1.518,0.01988857852023508,0.018000000000000016,0.006289320754704408,0.026076809620810618,0.00396883282426057,1.8266594834193608,0.10686499396122055,-0.17334051658063937,0.03379367830575965,0.20081097810961793,0.032892909818144835,0.0
80,1.5,2.0,2000,noisy,pdf,10,10,0,0,1.4542718047488354,0.01978969664270758,-0.04572819525116463,0.0062580515594743355,0.04943214262823317,0.0053534763143740305,1.5304142036392865,0.08059054682548576,-0.46958579636071346,0.02548496858469873,0.4757690329956262,0.024651093417070252,0.0
80,1.5,2.0,2000,noisy,qlog,10,10,0,0,1.476,0.027968235951204068,-0.02400000000000002,0.008844332774281075,0.035777087639996666,0.004624812308503874,1.3910091374933242,0.0882224726613013,-0.6089908625066761,0.027898395442164867,0.6147151818776334,0.026495007880360924,0.0
80,1.5,5.0,2000,clean,pdf,10,10,0,0,1.5176383812218688,0.030096295136120617,0.017638381221868893,0.009517284176278847,0.033560702837640434,0.0046542273553553705,5.245076678611262,0.38965277954384625,0.24507667861126253,0.12321902799740193,0.4435188137438465,0.1041906090158146,0.0
80,1.5,5.0,2000,clean,qlog,10,10,0,0,1.536,0.04299870799092564,0.03600000000000003,0.01359738536958077,0.05440588203494182,0.00822360186461065,4.697358707202538,0.38077926334917994,-0.3026412927974623,0.12041297579444837,0.47125928612939716,0.08452625477487777,0.0
80,1.5,5.0,2000,noisy,pdf,10,10,0,0,1.4566408682529535,0.0419900454012228,-0.04335913174704664,0.013278418252174285,0.05888006307210297,0.016703237997074943,3.8989003343655,0.3352747215593877,-1.1010996656345,0.10602317620064254,1.1461189723084861,0.10921084295802821,0.0
80,1.5,5.0,2000,noisy,qlog,10,10,0,0,1.492,0.05977736472389305,-0.007999999999999985,0.018903262505010433,0.05727128425310541,0.01681075923378416,3.6188293094718746,0.3138908341104455,-1.381170690528125,0.09926099724390804,1.4129073524257114,0.1043414882651316,0.0
80,1.9,2.0,2000,clean,pdf,10,10,0,0,1.9063069835049906,0.013113112523225308,0.006306983504990682,0.00414673027874696,0.013947630227903095,0.001970255172784174,1.9910969493512352,0.1499282916429138,-0.00890305064876502,0.04741148872895958,0.14251283339517473,0.026177699371751687,0.0
80,1.9,2.0,2000,clean,qlog,10,10,0,0,1.9279999999999997,0.028596814119369644,0.028000000000000025,0.009043106644167031,0.03898717737923589,0.008404955374884587,1.4519077171570205,0.06946879329056616,-0.5480922828429795,0.021967961310161235,0.5520402815276719,0.022364958873918893,0.0
80,1.9,2.0,2000,noisy,pdf,10,10,0,0,1.8616065792617764,0.015497364382364877,-0.03839342073822327,0.004900696917784158,0.041112117781768986,0.005428852570432532,1.4698874845154692,0.09575667687767228,-0.5301125154845308,0.030280920010222503,0.5378398331504707,0.02918785182987598,0.0
80,1.9,2.0,2000,noisy,qlog,10,10,0,0,1.8999999999999997,0.03399346342395193,0.0,0.01074967699773141,0.032249030993194226,0.005326919219968369,1.1404443582233283,0.08316688490917998,-0.8595556417766719,0.026299678221409453,0.8631691369488679,0.025443573659082664,0.0
80,1.9,5.0,2000,clean,pdf,10,10,0,0,1.8924059526275507,0.02496235117601371,-0.007594047372449508,0.007893788546918603,0.02486919045940533,0.007369156709482707,4.9861414520108625,0.5162861437393693,-0.01385854798913826,0.16326401386014883,0.4899880644953601,0.11424007345638443,0.0
80,1.9,5.0,2000,clean,qlog,10,10,0,0,1.9260000000000002,0.061860057118197635,0.026000000000000023,0.01956186766816163,0.06418722614352491,0.02461811893576104,3.7360196560550607,0.3743853837545914,-1.2639803439449397,0.118391053534071,1.312933465142592,0.11609032136512534,0.0
80,1.9,5.0,2000,noisy,pdf,10,10,0,0,1.8498350573452995,0.028149935644280706,-0.050164942654700576,0.008901791262308644,0.05683043604133992,0.010280664750432359,3.703827662193981,0.3995373473719317,-1.296172337806019,0.1263448027997193,1.3504554091283505,0.12171782129354271,0.0
80,1.9,5.0,2000,noisy,qlog,10,10,0,0,1.9,0.06463573143221772,4.4408920985006264e-17,0.02043961295567452,0.06131883886702357,0.0200778626197085,2.826619581250909,0.2978025715792837,-2.173380418749091,0.09417344192458635,2.1916660738071583,0.09412035172004403,0.0
90,1.5,2.0,2000,clean,pdf,10,10,0,0,1.5055663458162833,0.021715868250849747,0.005566345816283236,0.006867160504082193,0.021340226012062095,0.003529285289061116,2.031403450150146,0.12243356260630116,0.03140345015014594,0.03871689198847328,0.12032105471843511,0.021593443072174385,0.0
90,1.5,2.0,2000,clean,qlog,10,10,0,0,1.516,0.018378731669453644,0.016000000000000014,0.005811865258054236,0.023664319132398484,0.0038214100281407423,1.8012258123223688,0.09862581429920128,-0.1987741876776313,0.03118822092742793,0.21969415970495138,0.03249732676506979,0.0
90,1.5,2.0,2000,noisy,pdf,10,10,0,0,1.4529422337236544,0.01779934824641339,-0.04705776627634537,0.005628648132519028,0.0499956846649442,0.005047346307000832,1.5273969155867182,0.07308618912836501,-0.47260308441328186,0.023111882314746972,0.4776621267529214,0.022343933474023466,0.0
90,1.5,2.0,2000,noisy,qlog,10,10,0,0,1.4760000000000002,0.022705848487901886,-0.02400000000000002,0.00718021974284601,0.032249030993194226,0.003604365823754994,1.376638795619491,0.07862120638969716,-0.623361204380509,0.024862208458162675,0.6278075786508737,0.024556604414559507,0.0
90,1.5,5.0,2000,clean,pdf,10,10,0,0,1.5185885714211236,0.03090480407430501,0.018588571421123513,0.009772957151605545,0.03471499979637435,0.005000033038662797,5.256582488329409,0.4055626818013063,0.2565824883294085,0.12825018084582476,0.4624581638377594,0.10979624175832563,0.0
90,1.5,5.0,2000,clean,qlog,10,10,0,0,1.538,0.04467164151400258,0.038000000000000034,0.014126413400278072,0.05692099788303088,0.008420531443693967,4.623171976273463,0.3539880362977913,-0.37682802372653706,0.11194084591513788,0.5047535401791823,0.07989750857504346,0.0
90,1.5,5.0,2000,noisy,pdf,10,10,0,0,1.4606233561703477,0.0396367153597988,-0.03937664382965249,0.01253422995047446,0.05444706019014846,0.016164969515848,3.927417249144417,0.33433496584458616,-1.072582750855584,0.10572599935034929,1.118497045092477,0.10687042767202232,0.0
90,1.5,5.0,2000,noisy,qlog,10,10,0,0,1.4979999999999998,0.055337349251859076,-0.0020000000000000018,0.01749920633120893,0.05253570214625484,0.013766514018173252,3.5949370500882916,0.29058395303981727,-1.4050629499117089,0.09189071431012315,1.4318509083010056,0.09757285705388657,0.0
90,1.9,2.0,2000,clean,pdf,10,10,0,0,1.9072696864234857,0.012598476432920329,0.00726968642348591,0.003983988057598176,0.013989202560674407,0.0025033550052845177,1.9980101097179912,0.14331296349965153,-0.0019898902820088215,0.045319538288747435,0.1359731761035302,0.02616360136249394,0.0
90,1.9,2.0,2000,clean,qlog,10,10,0,0,1.9300000000000002,0.03162277660168382,0.030000000000000027,0.010000000000000007,0.04242640687119289,0.009408428057785141,1.4742569486569002,0.12947672735258015,-0.5257430513430996,0.040944136241877635,0.5399014323641806,0.042033128786548316,0.0
90,1.9,2.0,2000,noisy,pdf,10,10,0,0,1.8637926190746577,0.016860112642341142,-0.03620738092534215,0.005331635755679786,0.03958296972125789,0.005847912868023215,1.479705964872252,0.09770125568369152,-0.5202940351277482,0.030895849821893657,0.528485444279658,0.029894348522054408,0.0
90,1.9,2.0,2000,noisy,qlog,10,10,0,0,1.9019999999999997,0.03705851229249949,0.0020000000000000018,0.01171893055416464,0.03521363372331805,0.0060730322269939895,1.1160938063564674,0.05987480920001654,-0.8839061936435326,0.018934077154005646,0.8857294466486156,0.019360414641802163,0.0
90,1.9,5.0,2000,clean,pdf,10,10,0,0,1.8931376255045453,0.025184002235355735,-0.006862374495454504,0.007963880766249596,0.02485764983756966,0.007553444572642531,4.983513346716656,0.5145367617954114,-0.016486653283344133,0.16271081071610083,0.48841077081848056,0.11093869131973605,0.0
90,1.9,5.0,2000,clean,qlog,10,10,0,0,1.9280000000000002,0.059777364723893105,0.028000000000000025,0.01890326250501045,0.06324555320336764,0.02511307760244984,3.687758948057703,0.35171409377484236,-1.3122410519422973,0.11122176215105505,1.3539974526514071,0.100237868898165,0.0
90,1.9,5.0,2000,noisy,pdf,10,10,0,0,1.851184711194535,0.02867647218843414,-0.048815288805465,0.009068296737392512,0.05588415224925211,0.010598015531927919,3.720183147287848,0.4081914400825587,-1.2798168527121523,0.12908146720450347,1.337119816271917,0.12587262461515863,0.0
90,1.9,5.0,2000,noisy,qlog,10,10,0,0,1.9019999999999997,0.06957010852370438,0.002000000000000024,0.02200000000000001,0.06603029607687674,0.023723045222267283,2.8195976670255245,0.31037435947144426,-2.1804023329744755,0.09814899032456181,2.2001939351693784,0.09536885202206331,0.0
100,1.5,2.0,2000,clean,pdf,10,10,0,0,1.5076946872152361,0.021719575464819278,0.0076946872152360065,0.006868332828073924,0.021994866989256793,0.00355286807915973,2.039167049826964,0.131272511599682,0.03916704982696364,0.04151201308258688,0.13054992479380306,0.02333006112376901,0.0
100,1.5,2.0,2000,clean,qlog,10,10,0,0,1.522,0.022010098692292257,0.02200000000000002,0.006960204339273706,0.03033150177620623,0.005650873131628288,1.8167257365437444,0.1421868227596853,-0.18327426345625555,0.04496342131832737,0.22756282419428206,0.03905627405224107,0.0
100,1.5,2.0,2000,noisy,pdf,10,10,0,0,1.4538038032690843,0.017542989329666102,-0.04619619673091566,0.005547580324977536,0.04910264167598484,0.005341163549432107,1.5292018904366231,0.06798819885507175,-0.470798109563377,0.021499756239447877,0.47519576558893145,0.021363230258176474,0.0
100,1.5,2.0,2000,noisy,qlog,10,10,0,0,1.476,0.015776212754932326,-0.02400000000000002,0.004988876515698594,0.028284271247461926,0.003944053188733081,1.3721426884464283,0.06761600227891137,-0.6278573115535717,0.021382057347649565,0.6311256095731201,0.02076002870571494,0.0
100,1.5,5.0,2000,clean,pdf,10,10,0,0,1.5193059104067435,0.03134082202511707,0.019305910406743187,0.009910838134134082,0.03545053722191318,0.0049696289716434335,5.26308601729147,0.3908380879290721,0.2630860172914706,0.12359385542010294,0.4546352630106201,0.10229254002244272,0.0
100,1.5,5.0,2000,clean,qlog,10,10,0,0,1.544,0.048808013913928375,0.04400000000000004,0.01543444920372031,0.06387487769068531,0.010084609382877896,4.6603340291201105,0.3448318246290753,-0.33966597087988937,0.1090453975539625,0.4715835666380811,0.08556176337145573,0.0
100,1.5,5.0,2000,noisy,pdf,10,10,0,0,1.4618016864932946,0.0428013344504521,-0.03819831350670537,0.01353497037580599,0.055748273178835434,0.018656834329237384,3.9322667299006056,0.3361177911220981,-1.067733270099394,0.10628977820505524,1.1143302870491605,0.11222434696644949,0.0
100,1.5,5.0,2000,noisy,qlog,10,10,0,0,1.502,0.06214677966091422,0.002000000000000024,0.019652537297311562,0.0589915248150105,0.01716161626412076,3.5814358691084784,0.29693336163848594,-1.4185641308915218,0.09389857360680824,1.446263002562313,0.09639264445070098,0.0
100,1.9,2.0,2000,clean,pdf,10,10,0,0,1.9078265495225781,0.012530296992863808,0.007826549522578264,0.003962427825580824,0.014232441318544217,0.0023637493942454497,2.0043495702821565,0.14983674422162865,0.004349570282156434,0.047382538892441976,0.1422141472874039,0.024262964509583707,0.0
100,1.9,2.0,2000,clean,qlog,10,10,0,0,1.9300000000000002,0.03162277660168382,0.030000000000000027,0.010000000000000007,0.04242640687119289,0.009408428057785141,1.4013381103814764,0.06351038160081002,-0.5986618896185236,0.020083746092501038,0.6016861888024304,0.018735442157049413,0.0
100,1.9,2.0,2000,noisy,pdf,10,10,0,0,1.8626849225530886,0.01483673312962258,-0.037315077446911385,0.004691786972568557,0.03988145922396359,0.004989033439781171,1.4755250126510038,0.09388933710787939,-0.5244749873489962,0.0296904153264265,0.5319846794927754,0.028613575740435833,0.0
100,1.9,2.0,2000,noisy,qlog,10,10,0,0,1.906,0.038930136855083855,0.006000000000000005,0.012310790208412935,0.03741657386773945,0.008664834971271247,1.1014381429848892,0.0633304061046229,-0.898561857015111,0.020026832843404015,0.9005681968546768,0.019420433684397217,0.0
100,1.9,5.0,2000,clean,pdf,10,10,0,0,1.894190520326298,0.024982427014517052,-0.005809479673701934,0.007900137084479428,0.02440203982582727,0.006944063681001171,5.008333396868264,0.503902476947344,0.00833339686826431,0.15934795457540976,0.47811649328345257,0.10299118522827808,0.0
100,1.9,5.0,2000,clean,qlog,10,10,0,0,1.932,0.0694102137857087,0.03200000000000003,0.02194943684420579,0.07321202087089257,0.026664178988442453,3.620928163477462,0.35371370309863415,-1.3790718365225378,0.11185409414042416,1.4193101055348756,0.09926549452221375,0.0
100,1.9,5.0,2000,noisy,pdf,10,10,0,0,1.852055821644947,0.02992000676433203,-0.04794417835505314,0.009461536898293398,0.05571651785997625,0.010753583188356964,3.7291715895802513,0.41470800975506705,-1.2708284104197485,0.1311421874741339,1.3303342845877095,0.1291759407747861,0.0
100,1.9,5.0,2000,noisy,qlog,10,10,0,0,1.9080000000000001,0.06811754546370563,0.00800000000000003,0.021540659228538022,0.06511528238439887,0.024164009830100294,2.7352667896521257,0.2869645586213437,-2.2647332103478743,0.09074616129883543,2.281037111966146,0.08940800976391984,0.0
110,1.5,2.0,2000,clean,pdf,10,10,0,0,1.5071912223712676,0.020595700936334966,0.007191222371267592,0.006512932496648103,0.02082014136710108,0.003781856577681925,2.038221882552801,0.13029638623765852,0.03822188255280112,0.041203335140001816,0.12938448804170422,0.023600158340619497,0.0
110,1.5,2.0,2000,clean,qlog,10,10,0,0,1.526,0.016465452046971307,0.026000000000000023,0.005206833117271107,0.03033150177620623,0.005650873131628288,1.812205565904063,0.10790403833066663,-0.18779443409593716,0.03412225298550196,0.21388245093198424,0.03001515718340737,0.0
110,1.5,2.0,2000,noisy,pdf,10,10,0,0,1.4550744713700845,0.018251921666777866,-0.0449255286299157,0.005771764414199485,0.048146884663024164,0.0054466807237344905,1.5322935486623495,0.06837890468212429,-0.4677064513376508,0.021623308270306462,0.47218368435158004,0.02123340699061936,0.0
110,1.5,2.0,2000,noisy,qlog,10,10,0,0,1.48,0.016329931618554533,-0.020000000000000018,0.005163977794943226,0.025298221281347056,0.00428174419288838,1.3598717141844143,0.05411320626429804,-0.6401282858155855,0.01711209832896733,0.6421834920676349,0.016575248939377858,0.0
110,1.5,5.0,2000,clean,pdf,10,10,0,0,1.5181243119389527,0.02974568547352108,0.018124311938952652,0.00940641166593108,0.033538275255611164,0.004626526976054471,5.247082580257483,0.3780964431654399,0.24708258025748292,0.11956459356111938,0.4355582966350389,0.09965828239539994,0.0
110,1.5,5.0,2000,clean,qlog,10,10,0,0,1.544,0.048808013913928375,0.04400000000000004,0.01543444920372031,0.06387487769068531,0.010084609382877896,4.549938354123375,0.32058039519364984,-0.45006164587662534,0.10137642220088293,0.5431851396102824,0.08357070930518379,0.0
110,1.5,5.0,2000,noisy,pdf,10,10,0,0,1.4619806280946457,0.04082051010375115,-0.03801937190535445,0.012908578717776988,0.05426928487362865,0.016574243561207708,3.933852062591678,0.329146268020856,-1.0661479374083218,0.10408518902901467,1.1109342751112101,0.1070082495109073,0.0
110,1.5,5.0,2000,noisy,qlog,10,10,0,0,1.5080000000000002,0.0626808494588969,0.008000000000000007,0.01982142499642469,0.06000000000000006,0.01270753640488516,3.57787677480173,0.30980493752317106,-1.4221232251982698,0.09796892329393843,1.4521761797491004,0.10357670240348661,0.0
110,1.9,2.0,2000,clean,pdf,10,10,0,0,1.9069267618134447,0.012366944656479549,0.006926761813444671,0.003910771281172399,0.01362450796700492,0.0023552644799430286,1.995858061546377,0.14519083229797378,-0.004141938453622873,0.0459133725437136,0.1378023790041163,0.02600239803963908,0.0
110,1.9,2.0,2000,clean,qlog,10,10,0,0,1.936,0.04087922591134908,0.03600000000000003,0.012927146286443553,0.052915026221291864,0.01179184544707143,1.3815495228822683,0.12755798347036099,-0.6184504771177319,0.04033737615044499,0.6301784889057009,0.04045992854162831,0.0
110,1.9,2.0,2000,noisy,pdf,10,10,0,0,1.8629908692563426,0.015050834800522583,-0.037009130743657304,0.004759491865657737,0.03966800503900441,0.005291798749652495,1.4765786708389999,0.09550897465574434,-0.523421329161,0.030202589689944825,0.531205850529228,0.029202706886063287,0.0
110,1.9,2.0,2000,noisy,qlog,10,10,0,0,1.9099999999999997,0.043461349368017696,0.010000000000000009,0.013743685418725546,0.04242640687119289,0.009249624617007748,1.0871941829710157,0.08247767756831781,-0.9128058170289843,0.026081731723686205,0.9161532460070798,0.024787528601361096,0.0
110,1.9,5.0,2000,clean,pdf,10,10,0,0,1.8931907546719944,0.02457947287684342,-0.0068092453280054425,0.007772711797715655,0.0242919999207578,0.006547373979138349,4.984438277995416,0.49924654217722375,-0.0155617220045837,0.1578756187243345,0.47388243909230376,0.09871403478638155,0.0
110,1.9,5.0,2000,clean,qlog,10,10,0,0,1.932,0.06477310827461936,0.03200000000000003,0.02048305532764964,0.06928203230275515,0.0284214316630563,3.538521791469125,0.29471765831855357,-1.461478208530874,0.09319790669578994,1.4879822587392995,0.09103307742505606,0.0
110,1.9,5.0,2000,noisy,pdf,10,10,0,0,1.85238066493928,0.02718944466209889,-0.047619335060719956,0.00859805734473397,0.05415662824211933,0.009736360072864108,3.7256553363033875,0.4021982099341144,-1.2743446636966123,0.12718624142343618,1.3302410991842109,0.12137200347407053,0.0
110,1.9,5.0,2000,noisy,qlog,10,10,0,0,1.9060000000000001,0.06736302975503539,0.006000000000000028,0.02130206041156062,0.06418722614352489,0.024618118935761046,2.6078195979784127,0.3388910308440188,-2.3921804020215873,0.10716675360694737,2.4136879445205905,0.10825797963930872,0.0
120,1.5,2.0,2000,clean,pdf,10,10,0,0,1.50617253151545,0.0209340663418858,0.00617253151545003,0.006619933032942824,0.02079691721277584,0.003832508707876744,2.034423885548801,0.12869564991146817,0.03442388554880045,0.04069713786758865,0.12685155565383724,0.024191870839740105,0.0
120,1.5,2.0,2000,clean,qlog,10,10,0,0,1.524,0.018378731669453644,0.02400000000000002,0.005811865258054236,0.02966479394838268,0.005928871321888779,1.7786625610285154,0.085546246438785,-0.2213374389714847,0.02705209840246286,0.23574691120403785,0.02637741014412981,0.0
120,1.5,2.0,2000,noisy,pdf,10,10,0,0,1.4552888188648183,0.019100824334517694,-0.04471118113518169,0.006040211008384585,0.048243621959128645,0.005229218391154839,1.532797752064571,0.07805876451524023,-0.46720224793542897,0.024684348720688837,0.473034664820454,0.023760864677679298,0.0
120,1.5,2.0,2000,noisy,qlog,10,10,0,0,1.484,0.020655911179772907,-0.016000000000000014,0.006531972647421814,0.02529822128134706,0.004281744192888379,1.3503350698696353,0.06593972437692197,-0.6496649301303646,0.020851971731480064,0.6526697204307135,0.020440803811861454,0.0
120,1.5,5.0,2000,clean,pdf,10,10,0,0,1.517153551041872,0.02967556489469254,0.017153551041872238,0.009384237591936321,0.03296694632481621,0.004901224557283886,5.241519590924511,0.38019869055180117,0.24151959092451075,0.12022938255572314,0.43408254130743024,0.10362722529520206,0.0
120,1.5,5.0,2000,clean,qlog,10,10,0,0,1.5420000000000003,0.04848825745591519,0.04200000000000004,0.015333333333333345,0.062289646009589805,0.010530596886709613,4.496592941559823,0.30772358928945204,-0.5034070584401776,0.09731074319168637,0.5819304882475719,0.08984075167421829,0.0
120,1.5,5.0,2000,noisy,pdf,10,10,0,0,1.4596402612971384,0.040770914858802104,-0.0403597387028616,0.012892895324261692,0.05590124557417827,0.01661714625303796,3.920864663403561,0.3296682966341868,-1.0791353365964391,0.10425026897120514,1.1235417846774667,0.10765291261429417,0.0
120,1.5,5.0,2000,noisy,qlog,10,10,0,0,1.5059999999999998,0.06328067986711625,0.006000000000000005,0.02001110802640486,0.06033241251599348,0.012554642472768704,3.5033972053450335,0.2688235967675493,-1.496602794654967,0.08500948545841336,1.5181763529083816,0.08953892600184164,0.0
120,1.9,2.0,2000,clean,pdf,10,10,0,0,1.9075240201675734,0.01219119212136494,0.007524020167573142,0.0038551934496213105,0.013797591394445443,0.0022566763017368373,1.9989883199908782,0.1429761103303647,-0.0010116800091219736,0.04521301596354817,0.13564282070615244,0.024101527306896665,0.0
120,1.9,2.0,2000,clean,qlog,10,10,0,0,1.936,0.03864367132317187,0.03600000000000003,0.012220201853215583,0.05138093031466056,0.012407231517925109,1.3195002454606655,0.08887789448501528,-0.6804997545393345,0.02810565802127662,0.6857034840536943,0.028549449205620785,0.0
120,1.9,2.0,2000,noisy,pdf,10,10,0,0,1.8630013828323009,0.01479275557178765,-0.0369986171676991,0.00467788004769954,0.03957070542696892,0.005103218824236047,1.4769753011809577,0.09431555325406256,-0.5230246988190423,0.02982519670617431,0.5306229516349701,0.028862413472915023,0.0
120,1.9,2.0,2000,noisy,qlog,10,10,0,0,1.9099999999999997,0.04546060565661956,0.010000000000000009,0.014375905768565228,0.04427188724235735,0.008583325077599895,1.0371492585632853,0.06840470839337622,-0.9628507414367146,0.021631468120270603,0.9650351465115535,0.02135903654551349,0.0
120,1.9,5.0,2000,clean,pdf,10,10,0,0,1.894363962400067,0.025284857043046328,-0.005636037599932986,0.00799577385677765,0.024640546177924282,0.006767466033170659,5.009265667324714,0.5105978054449157,0.009265667324713966,0.16146520334894574,0.4844842202008439,0.1068698318000339,0.0
120,1.9,5.0,2000,clean,qlog,10,10,0,0,1.932,0.06477310827461935,0.03200000000000003,0.020483055327649637,0.06928203230275515,0.028343135559308442,3.385743680875507,0.33820730264549714,-1.6142563191244932,0.10695053976616616,1.6458338997115796,0.10684921601353779,0.0
120,1.9,5.0,2000,noisy,pdf,10,10,0,0,1.8525589188960652,0.027966507404630855,-0.047441081103934635,0.00884378615985977,0.054355948700046154,0.010009291330066897,3.7286791731623126,0.40013474282572414,-1.271320826837687,0.1265337158295007,1.326783206076203,0.12242981795190565,0.0
120,1.9,5.0,2000,noisy,qlog,10,10,0,0,1.9120000000000001,0.07192588778272634,0.01200000000000001,0.022744962812309324,0.06928203230275515,0.028264622567600126,2.615063256449628,0.35012282556423235,-2.384936743550372,0.11071855895968022,2.407955702337488,0.11165001630802805,0.0
130,1.5,2.0,2000,clean,pdf,10,10,0,0,1.5067850248468546,0.020950715849563047,0.006785024846854748,0.006625198069560881,0.021001804858646205,0.003571598643255749,2.037463028469866,0.1300982018933778,0.03746302846986569,0.04114066374755042,0.12898242680472038,0.02347193596593294,0.0
130,1.5,2.0,2000,clean,qlog,10,10,0,0,1.526,0.016465452046971307,0.026000000000000023,0.005206833117271107,0.03033150177620623,0.005650873131628288,1.7524392732060838,0.10359324031012979,-0.24756072679391608,0.03275905895771778,0.2663544948839591,0.03235996157522191,0.0
130,1.5,2.0,2000,noisy,pdf,10,10,0,0,1.455053741583534,0.018285558755751954,-0.044946258416466135,0.005782401395701071,0.048177708940430164,0.005310387588397276,1.5322420916202786,0.07054819622234704,-0.4677579083797214,0.02230929848791033,0.472521749809441,0.021873093415103677,0.0
130,1.5,2.0,2000,noisy,qlog,10,10,0,0,1.482,0.01988857852023508,-0.018000000000000016,0.006289320754704408,0.02607680962081062,0.003968832824260569,1.3311487095880017,0.07551973178228746,-0.6688512904119982,0.02388143607170356,0.6726774528594048,0.022845305360252376,0.0
130,1.5,5.0,2000,clean,pdf,10,10,0,0,1.5189492461822083,0.0309918940986108,0.018949246182208078,0.009800497435434116,0.03497887477766378,0.004760433165710584,5.259858338181989,0.3901330427630386,0.2598583381819893,0.12337090056230719,0.45222756204448367,0.10156590985401436,0.0
130,1.5,5.0,2000,clean,qlog,10,10,0,0,1.552,0.0526624470883507,0.052000000000000046,0.016653327995729075,0.07211102550927985,0.01219499687240423,4.499366807616841,0.3731887847029078,-0.5006331923831586,0.11801265568913923,0.6131692062073753,0.09226299713562677,0.0
130,1.5,5.0,2000,noisy,pdf,10,10,0,0,1.459142084237338,0.04251358249973281,-0.040857915762661824,0.013443975219263042,0.057411092201195744,0.017426467303047297,3.914993935576837,0.33966172841899356,-1.0850060644231625,0.10741046957935624,1.1318441768248666,0.11068861985685713,0.0
130,1.5,5.0,2000,noisy,qlog,10,10,0,0,1.5059999999999998,0.06736302975503536,0.006000000000000028,0.021302060411560613,0.06418722614352486,0.015272074055435035,3.44324324158172,0.28790995862636215,-1.5567567584182802,0.09104512303041473,1.5805361541988219,0.0933350185462671,0.0
130,1.9,2.0,2000,clean,pdf,10,10,0,0,1.908044098350717,0.012285387078350168,0.008044098350717177,0.003884980510438801,0.014161397543124576,0.0022927669970306,2.00244982055911,0.1494053257949493,0.0024498205591099607,0.047246112407154664,0.1417595071206065,0.024740011972080575,0.0
130,1.9,2.0,2000,clean,qlog,10,10,0,0,1.936,0.0419523539268061,0.03600000000000003,0.013266499161421611,0.053665631459995,0.011769389046102552,1.3080235687619775,0.10748266759842585,-0.6919764312380225,0.033989003860180576,0.6994488207435738,0.03282295734671385,0.0
130,1.9,2.0,2000,noisy,pdf,10,10,0,0,1.8624409424709367,0.0158500177771156,-0.03755905752906334,0.005012215712984433,0.04045718180561867,0.005557690786789702,1.4736024265698926,0.097915605421485,-0.5263975734301075,0.030963633160622384,0.5345307517062565,0.029854946467852826,0.0
130,1.9,2.0,2000,noisy,qlog,10,10,0,0,1.9139999999999997,0.05253570214625483,0.014000000000000012,0.016613247725836163,0.05176871642217919,0.01190133568322381,1.0134403666437368,0.08847562905443332,-0.986559633356263,0.027978450522817885,0.9901237566137701,0.02756379510579056,0.0
130,1.9,5.0,2000,clean,pdf,10,10,0,0,1.8946340541532956,0.02644955959901031,-0.005365945846704467,0.008364085144124242,0.025659591920239172,0.006667063733796775,5.009033816544913,0.5276465444243619,0.00903381654491362,0.16685648798982017,0.5006509743324588,0.10987388599604826,0.0
130,1.9,5.0,2000,clean,qlog,10,10,0,0,1.934,0.07121173436387518,0.03400000000000003,0.022519127672072738,0.07563068160475621,0.03148993746605674,3.303288124215924,0.3430110037612055,-1.6967118757840762,0.10846960343859921,1.7276348234675816,0.10463138289016542,0.0
130,1.9,5.0,2000,noisy,pdf,10,10,0,0,1.853635973907896,0.028910610455730325,-0.04636402609210395,0.009142337758598637,0.05386895184333904,0.01028861214905172,3.7411868475747303,0.40755146142273,-1.2588131524252695,0.1288790881826074,1.3168519001982977,0.12529615171646413,0.0
130,1.9,5.0,2000,noisy,qlog,10,10,0,0,1.9100000000000001,0.0743863786814047,0.010000000000000031,0.023523038352503144,0.0712741187248219,0.027324721772554395,2.500221497734223,0.3079230824248325,-2.499778502265777,0.09737382846022344,2.516789129548032,0.09464369136628205,0.0
140,1.5,2.0,2000,clean,pdf,10,10,0,0,1.5070574709093452,0.020959140779891354,0.007057470909344987,0.006627862266457449,0.02109893171808528,0.0036227287870142567,2.0388916097162544,0.13079257753546425,0.03889160971625456,0.041360244605623916,0.13003301815636997,0.023801919809897924,0.0
140,1.5,2.0,2000,clean,qlog,10,10,0,0,1.528,0.016865480854231372,0.028000000000000025,0.0053333333333333375,0.032249030993194226,0.005326919219968369,1.7712523349841582,0.09613726301627153,-0.22874766501584176,0.030401271914608716,0.2462592744577015,0.027856698068956555,0.0
140,1.5,2.0,2000,noisy,pdf,10,10,0,0,1.4550514686320448,0.018084839884186573,-0.04494853136795549,0.005718928515348529,0.04811159696382025,0.00528072386064722,1.5326435167259613,0.06878335613423929,-0.46735648327403884,0.021751207049471054,0.4718899421806504,0.02131841974781753,0.0
140,1.5,2.0,2000,noisy,qlog,10,10,0,0,1.486,0.018973665961010293,-0.014000000000000012,0.006000000000000005,0.022803508501982782,0.004144814492771324,1.325302588976616,0.06630510935085822,-0.6746974110233841,0.020967516605524043,0.6776232929992028,0.020487926758726443,0.0
140,1.5,5.0,2000,clean,pdf,10,10,0,0,1.517222220773975,0.031210786676915587,0.017222220773974773,0.009869717346469105,0.03425356584182539,0.005484259319238091,5.244772019038815,0.39151630037372986,0.24477201903881554,0.12380832502636188,0.4448256438390638,0.10437931901419463,0.0
140,1.5,5.0,2000,clean,qlog,10,10,0,0,1.552,0.05593647190240813,0.052000000000000046,0.017688665548562146,0.07429670248402691,0.012347621961978843,4.445106322627842,0.3374495708204201,-0.5548936773721583,0.10671092392388218,0.6406184392833179,0.0922761779062263,0.0
140,1.5,5.0,2000,noisy,pdf,10,10,0,0,1.4616770392753018,0.042396871258746936,-0.038322960724698006,0.013407067884257027,0.05555532865517431,0.01716661789701456,3.933826761990347,0.34050056781858073,-1.0661732380096527,0.1076757338887346,1.1140340867604932,0.11093618058368315,0.0
140,1.5,5.0,2000,noisy,qlog,10,10,0,0,1.514,0.06603029607687677,0.014000000000000012,0.02088061301782112,0.06418722614352491,0.013708712652506692,3.4611236168194957,0.2883887347800787,-1.5388763831805043,0.09119652534392665,1.5630072868748754,0.09336926692758968,0.0
140,1.9,2.0,2000,clean,pdf,10,10,0,0,1.907148848659706,0.011721668710793538,0.007148848659705753,0.003706717110403709,0.013219826125498525,0.0019970897825837804,1.9977764956326662,0.1424130740372747,-0.002223504367333473,0.04503496825439792,0.13512320031268948,0.02439636761844404,0.0
140,1.9,2.0,2000,clean,qlog,10,10,0,0,1.932,0.042373996218855244,0.03200000000000003,0.01339983416149453,0.05138093031466056,0.01240723151792511,1.242878071049119,0.09738864056027909,-0.757121928950881,0.030796992239793864,0.762738295798411,0.03127646998827942,0.0
140,1.9,2.0,2000,noisy,pdf,10,10,0,0,1.8633642028967123,0.015625850529508826,-0.03663579710328753,0.004941327805059599,0.03952128684249472,0.00550074166110545,1.4766422776725143,0.0965748108533742,-0.5233577223274855,0.030539636689661195,0.5313166007213043,0.029505267163779082,0.0
140,1.9,2.0,2000,noisy,qlog,10,10,0,0,1.9099999999999997,0.05436502143433368,0.010000000000000009,0.01719172927763685,0.05253570214625484,0.011636607238337291,0.9892804395771921,0.07400309663457316,-1.0107195604228079,0.023401833927079247,1.0131548955128378,0.022254180773266637,0.0
140,1.9,5.0,2000,clean,pdf,10,10,0,0,1.8944058351815145,0.0256725288254491,-0.005594164818485336,0.008118366438474646,0.024989308567476262,0.006370530887713805,5.002754020268386,0.5147361449609015,0.0027540202683844937,0.16277386120910511,0.48832934958276664,0.10292308658254737,0.0
140,1.9,5.0,2000,clean,qlog,10,10,0,0,1.938,0.0695701085237044,0.038000000000000034,0.022000000000000016,0.07615773105863916,0.031218547390124144,3.2777359121957104,0.26438294311331534,-1.7222640878042896,0.08360522747368045,1.7404315828807162,0.08099367650531566,0.0
140,1.9,5.0,2000,noisy,pdf,10,10,0,0,1.8526658449916595,0.028877759720537348,-0.04733415500834004,0.009131949443996552,0.05469053607511031,0.010205484242357125,3.729844091200124,0.4052364577070143,-1.2701559087998766,0.12814701972926595,1.3270610237094134,0.12421794407829913,0.0
140,1.9,5.0,2000,noisy,qlog,10,10,0,0,1.916,0.07105553383719594,0.016000000000000014,0.022469732728470308,0.06928203230275515,0.028264622567600126,2.4143619434310857,0.3388652793646384,-2.5856380565689143,0.10715861027415129,2.6055461748701476,0.1110017763048726,0.0
150,1.5,2.0,2000,clean,pdf,10,10,0,0,1.5067186447840155,0.020520421188879923,0.006718644784015448,0.006489126950284083,0.02059415220216426,0.003276282530927219,2.0358184066872247,0.12452809119724165,0.03581840668722491,0.039379240085644786,0.12344828554952522,0.021502619424602798,0.0
150,1.5,2.0,2000,clean,qlog,10,10,0,0,1.528,0.016865480854231372,0.028000000000000025,0.0053333333333333375,0.032249030993194226,0.005326919219968369,1.7217241041668856,0.09763976640475346,-0.27827589583311446,0.030876405204581087,0.293287650246204,0.028852234860038555,0.0
150,1.5,2.0,2000,noisy,pdf,10,10,0,0,1.454422996354832,0.01869800800136228,-0.0455770036451677,0.005912829299235755,0.04890723069412883,0.004997284681900799,1.531302378176274,0.07282295414203453,-0.4686976218237259,0.023028640103082212,0.47376188648749695,0.021928032730587504,0.0
150,1.5,2.0,2000,noisy,qlog,10,10,0,0,1.4899999999999998,0.02867441755680878,-0.010000000000000009,0.009067647005823637,0.028982753492378905,0.0036296836190780036,1.315098270380351,0.09115315091721023,-0.6849017296196489,0.02882515727994507,0.6903393270456991,0.027109507188596848,0.0
150,1.5,5.0,2000,clean,pdf,10,10,0,0,1.518779399812432,0.0314254384416924,0.018779399812431995,0.009937596194516047,0.03523447488529536,0.005037811366481425,5.258977574790209,0.3925656873291266,0.2589775747902091,0.1241401703189542,0.4536148379689414,0.10391794755664431,0.0
150,1.5,5.0,2000,clean,qlog,10,10,0,0,1.554,0.0566078125742768,0.05400000000000005,0.01790096210946342,0.07615773105863916,0.011972189997378655,4.438528182732529,0.30955457667291497,-0.5614718172674709,0.09788975224156386,0.633634148330777,0.0900004739751771,0.0
150,1.5,5.0,2000,noisy,pdf,10,10,0,0,1.4619695262079386,0.042438432695591714,-0.03803047379206139,0.0134202107645829,0.05538262768721894,0.01769707383898011,3.9333905827640487,0.3379712524650286,-1.0666094172359515,0.10687589414492872,1.1137583937640687,0.11084655236283494,0.0
150,1.5,5.0,2000,noisy,qlog,10,10,0,0,1.518,0.07146094504459528,0.018000000000000037,0.02259793500890439,0.07014271166700074,0.015237060795317989,3.4203910678964897,0.28999821645138213,-1.5796089321035107,0.09170548813728799,1.6033881150151006,0.09743755519598334,0.0
150,1.9,2.0,2000,clean,pdf,10,10,0,0,1.9086477066098682,0.012055587760293416,0.008647706609867866,0.0038123115854575215,0.014338281146353462,0.002342622192339468,2.0063405536179233,0.14410105071453444,0.006340553617922717,0.045568753348136294,0.13685322120984691,0.024234420924110177,0.0
150,1.9,2.0,2000,clean,qlog,10,10,0,0,1.94,0.048989794855663606,0.040000000000000036,0.01549193338482968,0.06131883886702362,0.01488490119846093,1.2333406720328068,0.0776233286091045,-0.7666593279671929,0.024546651796848017,0.7701878785004533,0.02439012519797131,0.0
150,1.9,2.0,2000,noisy,pdf,10,10,0,0,1.863789231559947,0.016151607589261957,-0.03621076844005309,0.005107586785532914,0.03931929216001858,0.005645922186690012,1.4789875822208902,0.09969321061885683,-0.5210124177791096,0.0315257612810472,0.5295269606915022,0.03035750220543284,0.0
150,1.9,2.0,2000,noisy,qlog,10,10,0,0,1.9119999999999997,0.05432413009990235,0.01200000000000001,0.01717879830230018,0.052915026221291864,0.011464230084422227,0.9653222567977074,0.05777601480735129,-1.0346777432022922,0.018270380091884447,1.0361285119986354,0.01840863801334927,0.0
150,1.9,5.0,2000,clean,pdf,10,10,0,0,1.8943399912113104,0.025283630547266296,-0.0056600087886894855,0.007995386004757101,0.024644907704709177,0.00702378481990605,5.007964153113302,0.5157943868617924,0.007964153113302074,0.16310850668132926,0.48939032714299857,0.10916417087548609,0.0
150,1.9,5.0,2000,clean,qlog,10,10,0,0,1.936,0.07105553383719594,0.03600000000000003,0.022469732728470308,0.07641989269817126,0.03107706334353104,3.0671362692446165,0.3043803818671873,-1.9328637307553833,0.09625352817721268,1.9543144263011192,0.09796766826744538,0.0
150,1.9,5.0,2000,noisy,pdf,10,10,0,0,1.8524020227709623,0.02961844244600707,-0.04759797722903789,0.009366173887599104,0.05527290797425715,0.010664405969851978,3.730478928597192,0.4161138001446094,-1.2695210714028078,0.1315867374285068,1.3294808670828786,0.127147928947839,0.0
150,1.9,5.0,2000,noisy,qlog,10,10,0,0,1.918,0.07913420387052765,0.018000000000000016,0.025024432505497966,0.07720103626247521,0.03061499878546228,2.4512194363126945,0.37112236262327136,-2.5487805636873055,0.11735919565124793,2.5729828971575675,0.11917484817825852,0.0
160,1.5,2.0,2000,clean,pdf,10,10,0,0,1.5071211193204666,0.02224615798369956,0.007121119320466329,0.007034852841642954,0.022273588191139445,0.003694662890576132,2.0379568214830988,0.13055356350571448,0.037956821483098535,0.041284661732949465,0.1295396848333991,0.023561238906650378,0.0
160,1.5,2.0,2000,clean,qlog,10,10,0,0,1.5299999999999998,0.016996731711975965,0.030000000000000027,0.005374838498865705,0.03405877273185283,0.004986572007215158,1.7137753340799402,0.10824475039618618,-0.2862246659200599,0.034229995600836186,0.30408846208060786,0.03181113226936092,0.0
160,1.5,2.0,2000,noisy,pdf,10,10,0,0,1.4546985360335263,0.016956036460737775,-0.0453014639664739,0.005361969530479157,0.04807264391228981,0.004855418014980239,1.5316729869287764,0.07251602909663923,-0.4683270130712236,0.02293158188164224,0.473352836899246,0.02241012417775509,0.0
160,1.5,2.0,2000,noisy,qlog,10,10,0,0,1.492,0.02149935399546282,-0.008000000000000007,0.006798692684790385,0.021908902300206666,0.002981423969999722,1.3076666170890436,0.08670035116830536,-0.6923333829109563,0.02741705836282855,0.6972021004675515,0.026183219055161116,0.0
160,1.5,5.0,2000,clean,pdf,10,10,0,0,1.518711668233942,0.031095459766399585,0.018711668233941946,0.009833247775195005,0.034933671212349124,0.004775365563614417,5.258016402114169,0.3923742859384423,0.258016402114169,0.1240796438847656,0.45291752670775814,0.10400188354162138,0.0
160,1.5,5.0,2000,clean,qlog,10,10,0,0,1.552,0.05593647190240813,0.052000000000000046,0.017688665548562146,0.07429670248402691,0.012347621961978843,4.339035441643569,0.32710635468193233,-0.6609645583564315,0.1034401117909789,0.7301868650895361,0.09773441684463119,0.0
160,1.5,5.0,2000,noisy,pdf,10,10,0,0,1.460294357372049,0.041801874887021535,-0.0397056426279508,0.01321891351083818,0.05611768995746105,0.016758770970662546,3.9225755993726663,0.33523159810427955,-1.0774244006273332,0.10600953936677075,1.1233812981343259,0.10897547163251521,0.0
160,1.5,5.0,2000,noisy,qlog,10,10,0,0,1.518,0.06892830413633518,0.018000000000000016,0.021797043632362442,0.06782329983125275,0.012893094432988972,3.3796529958209667,0.2645933009642191,-1.6203470041790329,0.08367174846693586,1.6396746833977756,0.0890842368749574,0.0
160,1.9,2.0,2000,clean,pdf,10,10,0,0,1.9074875295112033,0.012596008135594325,0.007487529511203106,0.003983207513448909,0.014101651571284122,0.0023081171497059297,1.99936057683313,0.149150113308812,-0.0006394231668696903,0.047165407132803865,0.141497666171618,0.02600872566914397,0.0
160,1.9,2.0,2000,clean,qlog,10,10,0,0,1.936,0.04971027168615271,0.03600000000000003,0.01571976816340214,0.05932958789676536,0.015560244603514833,1.1494145761458574,0.0812325375849711,-0.8505854238541426,0.025687983888374236,0.8540693273495867,0.025778752210383206,0.0
160,1.9,2.0,2000,noisy,pdf,10,10,0,0,1.8626858791014427,0.015597532758927541,-0.037314120898557325,0.004932372939730103,0.04014098085225856,0.005365145813359122,1.4746317189361018,0.09569562617503835,-0.5253682810638982,0.030261614082914817,0.5331544976178711,0.02904059544599578,0.0
160,1.9,2.0,2000,noisy,qlog,10,10,0,0,1.9159999999999997,0.0571936282387393,0.016000000000000014,0.018086213288334065,0.05656854249492385,0.013924399049470293,0.9309932968735586,0.05068732764067339,-1.0690067031264412,0.016028740385173663,1.070087667433973,0.01615035648920357,0.0
160,1.9,5.0,2000,clean,pdf,10,10,0,0,1.8936781070811386,0.02522309103336582,-0.0063218929188612275,0.007976241729520609,0.024749751902337545,0.006931043161932835,4.993893829219845,0.5161473393120009,-0.006106170780155296,0.16322012004616884,0.48969843129478,0.10983820078382284,0.0
160,1.9,5.0,2000,clean,qlog,10,10,0,0,1.9380000000000002,0.07020604595680416,0.038000000000000034,0.022201101073795634,0.07668115805072331,0.030936626026959933,3.0140076221330587,0.31914339430192046,-1.9859923778669413,0.10092200261912715,2.0089382719385593,0.09837378716683273,0.0
160,1.9,5.0,2000,noisy,pdf,10,10,0,0,1.8520029483202696,0.02843481312427305,-0.04799705167973027,0.00899187743139513,0.05505816658423886,0.010182009451342011,3.725116286537606,0.40719361378208846,-1.2748837134623945,0.12876592682263294,1.332124040037597,0.12304021785693998,0.0
160,1.9,5.0,2000,noisy,qlog,10,10,0,0,1.916,0.0787682959346237,0.016000000000000014,0.02490872225635923,0.07641989269817126,0.031018234927560128,2.3092438922030376,0.3032397188009217,-2.6907561077969624,0.09589281884398959,2.706090783029881,0.09959472698395734,0.0
170,1.5,2.0,2000,clean,pdf,10,10,0,0,1.5071476816204004,0.022427585688565014,0.007147681620400493,0.0070922253194461195,0.02244518416905383,0.003792570379516338,2.038349652016915,0.1303365309476157,0.03834965201691496,0.04121603001194896,0.12945866513807167,0.024474632970367064,0.0
170,1.5,2.0,2000,clean,qlog,10,10,0,0,1.53,0.016996731711975965,0.030000000000000027,0.005374838498865705,0.03405877273185283,0.004986572007215158,1.6897108310748128,0.08533898419683346,-0.3102891689251873,0.02698655632671088,0.3206771528401363,0.02527352243603107,0.0
170,1.5,2.0,2000,noisy,pdf,10,10,0,0,1.4544174675767219,0.017396949542638786,-0.04558253242327812,0.005501398489376313,0.048478404781607747,0.004867437228406674,1.531591057238853,0.07167143308371819,-0.4684089427611472,0.02266449717128949,0.4733181303804685,0.022129149430571017,0.0
170,1.5,2.0,2000,noisy,qlog,10,10,0,0,1.492,0.02149935399546282,-0.008000000000000007,0.006798692684790385,0.021908902300206666,0.002981423969999722,1.2889093764698791,0.08674348215500202,-0.711090623530121,0.027430697578397733,0.7158364781143763,0.026901525746915303,0.0
170,1.5,5.0,2000,clean,pdf,10,10,0,0,1.519117151009695,0.031274974376880045,0.01911715100969471,0.009890015279434623,0.035295567466390516,0.005078272208032252,5.261440418605398,0.387933329223696,0.2614404186053978,0.12267529006388389,0.4514356361773936,0.10571358847695676,0.0
170,1.5,5.0,2000,clean,qlog,10,10,0,0,1.556,0.06022181221672653,0.05600000000000005,0.01904380914278095,0.08000000000000007,0.014691267247359354,4.300884878504825,0.3420144708313111,-0.6991151214951746,0.10815447205641648,0.7707389062032826,0.09320245643702942,0.0
170,1.5,5.0,2000,noisy,pdf,10,10,0,0,1.463253694748449,0.0419467273930271,-0.036746305251551134,0.01326471989521426,0.05416517418717134,0.0170422112797639,3.9445081512009224,0.3378157166848691,-1.0554918487990776,0.1068267094126332,1.1030732321458423,0.11076603765770981,0.0
170,1.5,5.0,2000,noisy,qlog,10,10,0,0,1.52,0.06928203230275515,0.020000000000000018,0.021908902300206663,0.06870225614927074,0.012523424379621203,3.341813157689997,0.2723831078114691,-1.6581868423100026,0.08613510168394439,1.6782004962724058,0.09247147944790189,0.0
170,1.9,2.0,2000,clean,pdf,10,10,0,0,1.9073117847546794,0.012290521085359602,0.0073117847546794405,0.003886604026006109,0.013762754593229683,0.00188769663759905,1.9969364611303253,0.14384021108351022,-0.003063538869674787,0.04548626861432885,0.13649319016896014,0.024631312273937927,0.0
170,1.9,2.0,2000,clean,qlog,10,10,0,0,1.9339999999999997,0.04325634186002226,0.03400000000000003,0.01367885635245547,0.05329165037789696,0.013490273549420152,1.161895596257946,0.11160107508594631,-0.8381044037420541,0.03529135865950619,0.8447652404876334,0.03516115618577966,0.0
170,1.9,2.0,2000,noisy,pdf,10,10,0,0,1.86323301779873,0.015618309761199347,-0.0367669822012701,0.004938943204743043,0.039640249999282416,0.005410632953708968,1.4769274627596372,0.09768287456061775,-0.5230725372403625,0.03089003720040716,0.5312180614392298,0.029797788087536782,0.0
170,1.9,2.0,2000,noisy,qlog,10,10,0,0,1.9119999999999997,0.049170903772228776,0.01200000000000001,0.015549205052920814,0.04816637831516923,0.014447686049465096,0.9250245252397103,0.07418185141513253,-1.0749754747602895,0.023458361152000368,1.0772766235779692,0.02312874983311281,0.0
170,1.9,5.0,2000,clean,pdf,10,10,0,0,1.8936699700264519,0.025020805098116952,-0.00633002997354779,0.007912273300120233,0.02456635704471001,0.006963087596102007,4.995977677971533,0.5150935867284986,-0.004022322028466885,0.16288689422075345,0.488677236890002,0.11140012088992945,0.0
170,1.9,5.0,2000,clean,qlog,10,10,0,0,1.94,0.07774602526460407,0.040000000000000036,0.024585451886114384,0.0839047078536122,0.03370474893854133,2.9959678873839,0.3504641431344453,-2.0040321126161,0.11082649305241096,2.0314249463017857,0.1098843692056975,0.0
170,1.9,5.0,2000,noisy,pdf,10,10,0,0,1.852410807632967,0.029521551602916522,-0.04758919236703281,0.009335534312741093,0.05521866566918971,0.010797196466479952,3.730148532009332,0.41326484326868634,-1.2698514679906687,0.13068581816015534,1.3289965381338504,0.12679414213967122,0.0
170,1.9,5.0,2000,noisy,qlog,10,10,0,0,1.9140000000000001,0.08002777295692075,0.014000000000000012,0.02530700386146976,0.07720103626247521,0.03061499878546228,2.2966138834748557,0.33502927695734935,-2.7033861165251443,0.10594555980245905,2.722005997384578,0.1103289376588038,0.0
180,1.5,2.0,2000,clean,pdf,10,10,0,0,1.506499811679077,0.021829351733911016,0.006499811679077161,0.006903047132410468,0.02170520880512305,0.003684725845492057,2.0348477822917155,0.1278151426808987,0.034847782291715236,0.04041869703310398,0.12616420870966308,0.02266234023214307,0.0
180,1.5,2.0,2000,clean,qlog,10,10,0,0,1.532,0.019321835661585934,0.03200000000000003,0.006110100926607792,0.03687817782917158,0.005670702138633108,1.6650559573926091,0.07898081092147428,-0.33494404260739097,0.024975925395896086,0.34322249827570167,0.023472740994815756,0.0
180,1.5,2.0,2000,noisy,pdf,10,10,0,0,1.4542543850591838,0.018420206125530747,-0.045745614940816214,0.005824980632646261,0.04896973433305274,0.005353512378456831,1.5313702296725762,0.07445413421058054,-0.4686297703274239,0.023544464532129713,0.47392292403731273,0.02288984734492759,0.0
180,1.5,2.0,2000,noisy,qlog,10,10,0,0,1.492,0.02149935399546282,-0.008000000000000007,0.006798692684790385,0.021908902300206666,0.002981423969999722,1.277008203243264,0.08063045111500937,-0.722991796756736,0.02549758742902927,0.7270270152200964,0.02483122296987306,0.0
180,1.5,5.0,2000,clean,pdf,10,10,0,0,1.518107027951358,0.03066825004180855,0.018107027951357924,0.009698152198366915,0.03426881768890573,0.004994710637768053,5.252239786484113,0.3918998194572272,0.2522397864841131,0.12392960440936106,0.4492792355841715,0.10684207027262747,0.0
180,1.5,5.0,2000,clean,qlog,10,10,0,0,1.558,0.05921711464320659,0.05800000000000005,0.0187260958735842,0.08074651695274547,0.014362385547304016,4.21629913059417,0.30763691948079586,-0.7837008694058303,0.09728333579171392,0.8362795462716547,0.09191966206002249,0.0
180,1.5,5.0,2000,noisy,pdf,10,10,0,0,1.4610910619779305,0.04070323328747148,-0.03890893802206976,0.012871492532159301,0.05481772831898601,0.016449264145231943,3.929631669296493,0.3321480663630425,-1.0703683307035075,0.10503444101279735,1.1157860312635441,0.10792664214187467,0.0
180,1.5,5.0,2000,noisy,qlog,10,10,0,0,1.52,0.0724185366080015,0.020000000000000018,0.02290075204975691,0.07155417527999333,0.014759648445075602,3.309865808121171,0.2667032078689788,-1.6901341918788284,0.08433895961393151,1.7089678544480418,0.0880944432605852,0.0
180,1.9,2.0,2000,clean,pdf,10,10,0,0,1.9082046659050351,0.012535478386499288,0.00820466590503519,0.003964066326115026,0.014447869709884521,0.0022163738460063767,2.0035339171420565,0.1442424216084203,0.0035339171420566196,0.04561345875008962,0.13688600053578184,0.02479025269197554,0.0
180,1.9,2.0,2000,clean,qlog,10,10,0,0,1.936,0.04402019738458451,0.03600000000000003,0.01392040867854741,0.055136195008360936,0.013520614540170131,1.1059824867621337,0.08162570106789757,-0.8940175132378659,0.02581231309825947,0.8973649165993516,0.025893954986719387,0.0
180,1.9,2.0,2000,noisy,pdf,10,10,0,0,1.8642391115571932,0.015729335613046784,-0.03576088844280647,0.004974052661842874,0.03874934762243005,0.005376656684806324,1.4810495365073693,0.0960374569271921,-0.5189504634926309,0.03036971045802425,0.5268875187162383,0.02920194842211105,0.0
180,1.9,2.0,2000,noisy,qlog,10,10,0,0,1.9159999999999997,0.05059644256269412,0.016000000000000014,0.016000000000000014,0.05059644256269411,0.013708270009985469,0.8778175079693875,0.046337927314825125,-1.1221824920306123,0.014653339236617761,1.1230431997822194,0.014587557562358794,0.0
180,1.9,5.0,2000,clean,pdf,10,10,0,0,1.8946067723697901,0.02501404698373343,-0.005393227630209907,0.007910136196706245,0.024335554156937556,0.006932986370632158,5.010871387129413,0.5143758189333378,0.010871387129412735,0.16265991611437094,0.4881008316435502,0.11087551349352623,0.0
180,1.9,5.0,2000,clean,qlog,10,10,0,0,1.9419999999999997,0.07627435858647248,0.04200000000000004,0.024120070020167413,0.08366600265340764,0.03383292282181171,2.8773611374200008,0.3114158094637717,-2.1226388625799992,0.09847832572905377,2.1430999898932597,0.10395568994458529,0.0
180,1.9,5.0,2000,noisy,pdf,10,10,0,0,1.8519975978734333,0.028168350378682344,-0.04800240212656661,0.008907614512630268,0.054939430072318725,0.010275867566437294,3.7261494866694145,0.4006940594680602,-1.273850513330586,0.12671058728180268,1.3293589758512525,0.12324331396991803,0.0
180,1.9,5.0,2000,noisy,qlog,10,10,0,0,1.922,0.07743097284391799,0.02200000000000002,0.02448582356294263,0.07668115805072333,0.030877932444031,2.223097166271329,0.3121919944005394,-2.7769028337286707,0.09872377695762374,2.7926522886319614,0.10061372866486411,0.0
190,1.5,2.0,2000,clean,pdf,10,10,0,0,1.5073660942743081,0.020977964195848586,0.007366094274308255,0.00663381475323441,0.021220905458534785,0.003730849239373882,2.0389464547323204,0.12922884394226716,0.0389464547323205,0.040865748624801725,0.1286347971281723,0.023367195852861383,0.0
190,1.5,2.0,2000,clean,qlog,10,10,0,0,1.536,0.022705848487901886,0.03600000000000003,0.00718021974284601,0.0419523539268061,0.007289122932926376,1.6763509696391274,0.10265988897019213,-0.32364903036087256,0.03246390734858048,0.3379849735958212,0.0303183979339759,0.0
190,1.5,2.0,2000,noisy,pdf,10,10,0,0,1.453913846188332,0.017835240920230783,-0.04608615381166801,0.005639998392576673,0.04909398955032203,0.004966864285047183,1.529867327904355,0.0722812959797548,-0.4701326720956448,0.022857352752479708,0.47510720531839207,0.022161139783323194,0.0
190,1.5,2.0,2000,noisy,qlog,10,10,0,0,1.496,0.024585451886114388,-0.0040000000000000036,0.007774602526460407,0.023664319132398484,0.0038214100281407423,1.272496976751642,0.08272498539848568,-0.7275030232483577,0.026159937326338662,0.7317238069953459,0.02569897760762232,0.0
190,1.5,5.0,2000,clean,pdf,10,10,0,0,1.518616992028624,0.030440843110971692,0.018616992028624102,0.009626239812651628,0.03435946490517521,0.004849162487511917,5.256865209570015,0.3849062833095535,0.256865209570015,0.12171805409682421,0.4464496591167974,0.10564098345213052,0.0
190,1.5,5.0,2000,clean,qlog,10,10,0,0,1.56,0.0603692342542495,0.06000000000000005,0.019090428084368487,0.08294576541331096,0.014136653113106737,4.2156907435017335,0.3066299675686749,-0.784309256498267,0.09696490963805753,0.8365170369687125,0.0877521360743103,0.0
190,1.5,5.0,2000,noisy,pdf,10,10,0,0,1.4608440597507875,0.04189832907566215,-0.03915594024921263,0.013249415003434966,0.05579525641306022,0.01690210165402972,3.9287306076781086,0.34108179955842177,-1.071269392321892,0.10785953550336261,1.1190715908809075,0.11031146750886581,0.0
190,1.5,5.0,2000,noisy,qlog,10,10,0,0,1.524,0.07411702458499898,0.02400000000000002,0.02343786110832928,0.07429670248402691,0.013824294235551824,3.279169778644337,0.24713497140865331,-1.7208302213556632,0.07815093991319355,1.7367281812116773,0.07818227309848771,0.0
190,1.9,2.0,2000,clean,pdf,10,10,0,0,1.9076866457323045,0.012928228725256773,0.007686645732304776,0.004088264888342662,0.01447445027589159,0.0019706502210163315,1.9996007013753196,0.1475969937566673,-0.00039929862468019995,0.04667426760647207,0.1400233721519261,0.023156941719348602,0.0
190,1.9,2.0,2000,clean,qlog,10,10,0,0,1.936,0.045995168828427614,0.03600000000000003,0.014544949486180965,0.05656854249492385,0.013186693629901665,1.079205142397892,0.09087783815397733,-0.9207948576021083,0.02873809573987201,0.9248221845886231,0.028015633600541854,0.0
190,1.9,2.0,2000,noisy,pdf,10,10,0,0,1.8638650429325796,0.01595782217845909,-0.036134957067420356,0.005046306457988068,0.03917808063287048,0.0055181818367753075,1.4799135683701103,0.09856924597291501,-0.5200864316298898,0.031170332451979112,0.5284261566122689,0.029956272976172673,0.0
190,1.9,2.0,2000,noisy,qlog,10,10,0,0,1.9159999999999997,0.053995884616844285,0.016000000000000014,0.017074997966487614,0.053665631459995,0.01331943720310313,0.8731833694639806,0.07196980390422089,-1.1268166305360197,0.02275885030930167,1.1288832562577757,0.023127495694852444,0.0
190,1.9,5.0,2000,clean,pdf,10,10,0,0,1.8940134812403542,0.02482961659239134,-0.005986518759645887,0.007851814186066525,0.02430426466635499,0.007040522062438453,5.002325288214651,0.5076116269615756,0.0023252882146508115,0.16052089079823154,0.48156828634078586,0.10581065065990165,0.0
190,1.9,5.0,2000,clean,qlog,10,10,0,0,1.9459999999999997,0.0742667863553794,0.04600000000000004,0.023485219938411406,0.08414273587185059,0.03358857082990407,2.8305634799122013,0.3196404517600165,-2.1694365200877987,0.10107918598868286,2.19052683874265,0.10302067306602296,0.0
190,1.9,5.0,2000,noisy,pdf,10,10,0,0,1.8512200120205435,0.02861953442850894,-0.048779987979456686,0.009050291436769362,0.05582702932352828,0.010357778107796116,3.719641079771062,0.4082492740366913,-1.280358920228938,0.12909975590661876,1.3376545471033052,0.1242708099721092,0.0
190,1.9,5.0,2000,noisy,qlog,10,10,0,0,1.924,0.07589466384404117,0.02400000000000002,0.02400000000000002,0.07589466384404117,0.0312872000806862,2.174896580335655,0.34592286857191623,-2.825103419664345,0.1093904159426333,2.844100156411531,0.11203870861535153,0.0
200,1.5,2.0,2000,clean,pdf,10,10,0,0,1.507866990669307,0.02135359644368277,0.007866990669306784,0.0067526000998108975,0.021731728305927612,0.00352249124206319,2.040059726642681,0.12792948991165035,0.04005972664268156,0.04045485680243479,0.12780508850916664,0.02277300968885471,0.0
200,1.5,2.0,2000,clean,qlog,10,10,0,0,1.538,0.023944379994757316,0.038000000000000034,0.007571877794400371,0.04427188724235735,0.007204495950776986,1.6542419562247026,0.11064856737469231,-0.34575804377529745,0.03499014927386253,0.3613411404077664,0.032684820748979604,0.0
200,1.5,2.0,2000,noisy,pdf,10,10,0,0,1.4551236974811264,0.017140357280265663,-0.044876302518873715,0.0054202568914688545,0.0477314905559329,0.0048870130316279355,1.5332202961326353,0.07105051150525739,-0.4667797038673644,0.022468144527661185,0.4716212989350113,0.021831896466674577,0.0
200,1.5,2.0,2000,noisy,qlog,10,10,0,0,1.496,0.024585451886114388,-0.0040000000000000036,0.007774602526460407,0.023664319132398484,0.0038214100281407423,1.2544321745384686,0.0806744124323287,-0.7455678254615313,0.02551148921819632,0.7494857617744368,0.02464851435167125,0.0
200,1.5,5.0,2000,clean,pdf,10,10,0,0,1.518772191756479,0.031550318318937225,0.018772191756478818,0.009977086679117635,0.0353309426815313,0.004990566969612186,5.2602841454872244,0.38891519313233613,0.2602841454872249,0.12298578269424572,0.4515278076666607,0.1017256741312811,0.0
200,1.5,5.0,2000,clean,qlog,10,10,0,0,1.5619999999999998,0.062146779660914274,0.062000000000000055,0.01965253729731158,0.08555699854482982,0.014313049569471296,4.193392868959096,0.3100829244885743,-0.806607131040904,0.09805683049098969,0.8585751812738862,0.09503238947742805,0.0
200,1.5,5.0,2000,noisy,pdf,10,10,0,0,1.4620694336658064,0.04236805213212727,-0.03793056633419356,0.013397954476227533,0.05526549121971365,0.017671211337890975,3.9362639886786575,0.33765879310097713,-1.0637360113213425,0.10677708581826367,1.1109214266924583,0.11108558166237299,0.0
200,1.5,5.0,2000,noisy,qlog,10,10,0,0,1.528,0.07254117604658909,0.028000000000000025,0.022939534045447022,0.07429670248402691,0.014506370414707323,3.2521881572915867,0.24758489046751314,-1.7478118427084133,0.07829321681206519,1.7635233731654394,0.07878513917511024,0.0
200,1.9,2.0,2000,clean,pdf,10,10,0,0,1.907606681190483,0.012559072960492874,0.007606681190483267,0.003971527585539136,0.014135730649596324,0.0021390988236318666,2.000972050400203,0.1468410294118725,0.0009720504002031838,0.04643521069052923,0.1393090234293712,0.02434355975135596,0.0
200,1.9,2.0,2000,clean,qlog,10,10,0,0,1.9419999999999997,0.04939635614091392,0.04200000000000004,0.015620499351813323,0.06292853089020915,0.01614642594220378,1.063925441298303,0.05980741065515448,-0.936074558701697,0.01891276386273113,0.9377925213931511,0.018640678952557953,0.0
200,1.9,2.0,2000,noisy,pdf,10,10,0,0,1.8631810133091755,0.014807405259998026,-0.036818986690824375,0.004682512685875151,0.03940775439452923,0.005035218948334136,1.4761428891347053,0.0963894456070269,-0.5238571108652946,0.03048101905191163,0.5317782482446237,0.029398305003217856,0.0
200,1.9,2.0,2000,noisy,qlog,10,10,0,0,1.9179999999999997,0.05370702416299423,0.018000000000000037,0.016983652270475998,0.054037024344425214,0.01342491379869098,0.8480460488761074,0.06564271951083805,-1.1519539511238928,0.020758050546182218,1.1536359804861533,0.02093553314349484,0.0
200,1.9,5.0,2000,clean,pdf,10,10,0,0,1.894351579919995,0.024264084510971434,-0.005648420080004856,0.007672977239348256,0.02370181146748513,0.006763537757753695,5.006733197036685,0.5076679938112603,0.0067331970366852015,0.16053871556118474,0.4816632108524064,0.11008036978598612,0.0
200,1.9,5.0,2000,clean,qlog,10,10,0,0,1.948,0.07671013260609354,0.04800000000000004,0.024257873864880354,0.08717797887081355,0.03220548062762209,2.7892317043193344,0.3195456274768712,-2.2107682956806656,0.10104919991745968,2.231455785899067,0.09696870873821187,0.0
200,1.9,5.0,2000,noisy,pdf,10,10,0,0,1.851943890236663,0.028642572993415612,-0.04805610976333687,0.009057576870682033,0.055206403383128565,0.010351410086836155,3.725597267963132,0.4104605774910482,-1.2744027320368683,0.12979903145797536,1.3325661036248406,0.12500333270822434,0.0
200,1.9,5.0,2000,noisy,qlog,10,10,0,0,1.924,0.08315981935740101,0.02400000000000002,0.026297443897754715,0.08246211251235329,0.03428065633404372,2.0998977177455567,0.3021451231309371,-2.9001022822544433,0.09554667730057866,2.9142333049064653,0.09670531062254262,0.0
